{
"type": "FeatureCollection",
"name": "malaysia",
"crs": { "type": "name", "properties": { "name": "urn:ogc:def:crs:OGC:1.3:CRS84" } },
"xy_coordinate_resolution": 0.0001,
"features": [
{ "type": "Feature", "properties": { "id": "jhr-batu-pahat", "slug": "batu-pahat", "name": "Batu Pahat", "state": "Johor", "division": null, "area_km2": 1965.4528305950969, "lon": 102.99322, "lat": 1.91647 }, "geometry": { "type": "Polygon", "coordinates": [ [ [ 102.9647, 2.204 ], [ 102.887, 2.0826 ], [ 102.8691, 2.0808 ], [ 102.8725, 2.0518 ], [ 102.8494, 2.0332 ], [ 102.8, 1.9588 ], [ 102.7759, 1.8668 ], [ 102.816, 1.8581 ], [ 102.8857, 1.8168 ], [ 102.8956, 1.8232 ], [ 102.8886, 1.7855 ], [ 102.9409, 1.7413 ], [ 102.9787, 1.7436 ], [ 103.0298, 1.7285 ], [ 103.185, 1.6234 ], [ 103.2005, 1.6284 ], [ 103.196, 1.6975 ], [ 103.2272, 1.7662 ], [ 103.189, 1.7815 ], [ 103.1893, 1.8555 ], [ 103.2005, 1.87 ], [ 103.1893, 1.8778 ], [ 103.2038, 1.9035 ], [ 103.1908, 1.9128 ], [ 103.2139, 1.9611 ], [ 103.246, 1.9829 ], [ 103.2399, 1.9986 ], [ 103.1711, 2.0986 ], [ 103.173, 2.1257 ], [ 103.1629, 2.1406 ], [ 103.1685, 2.1506 ], [ 103.1045, 2.1714 ], [ 103.0283, 2.1741 ], [ 102.9647, 2.204 ] ] ] } },
{ "type": "Feature", "properties": { "id": "jhr-johor-bahru", "slug": "johor-bahru", "name": "Johor Bahru", "state": "Johor", "division": null, "area_km2": 1139.7436673970017, "lon": 103.67317, "lat": 1.46773 }, "geometry": { "type": "Polygon", "coordinates": [ [ [ 103.5686, 1.5593 ], [ 103.5435, 1.5241 ], [ 103.5749, 1.5281 ], [ 103.5743, 1.4927 ], [ 103.5819, 1.4857 ], [ 103.554, 1.4689 ], [ 103.5354, 1.3974 ], [ 103.5401, 1.3562 ], [ 103.5459, 1.3359 ], [ 103.5587, 1.3318 ], [ 103.6005, 1.2627 ], [ 103.6144, 1.3225 ], [ 103.6731, 1.4323 ], [ 103.7214, 1.4613 ], [ 103.7649, 1.452 ], [ 103.8143, 1.4788 ], [ 103.848, 1.47 ], [ 103.8992, 1.4282 ], [ 104.0038, 1.423 ], [ 104.0288, 1.4416 ], [ 104.0177, 1.5595 ], [ 103.9805, 1.599 ], [ 103.9736, 1.6356 ], [ 103.9108, 1.6728 ], [ 103.88, 1.631 ], [ 103.8742, 1.6083 ], [ 103.8585, 1.5996 ], [ 103.7771, 1.642 ], [ 103.7638, 1.6681 ], [ 103.7382, 1.671 ], [ 103.7234, 1.6586 ], [ 103.7362, 1.6398 ], [ 103.7195, 1.6057 ], [ 103.7022, 1.6036 ], [ 103.6881, 1.6191 ], [ 103.6881, 1.6088 ], [ 103.6605, 1.5881 ], [ 103.6091, 1.585 ], [ 103.5938, 1.557 ], [ 103.5686, 1.5593 ] ] ] } },
{ "type": "Feature", "properties": { "id": "jhr-kluang", "slug": "kluang", "name": "Kluang", "state": "Johor", "division": null, "area_km2": 2880.3191694628622, "lon": 103.37903, "lat": 2.07132 }, "geometry": { "type": "Polygon", "coordinates": [ [ [ 103.1045, 2.1714 ], [ 103.1685, 2.1506 ], [ 103.1629, 2.1406 ], [ 103.173, 2.1257 ], [ 103.1711, 2.0986 ], [ 103.246, 1.9829 ], [ 103.2139, 1.9611 ], [ 103.1975, 1.9365 ], [ 103.2027, 1.9306 ], [ 103.1908, 1.9128 ], [ 103.2038, 1.9035 ], [ 103.1893, 1.8778 ], [ 103.2005, 1.87 ], [ 103.1893, 1.8555 ], [ 103.189, 1.7815 ], [ 103.3634, 1.71 ], [ 103.4296, 1.7849 ], [ 103.4448, 1.7726 ], [ 103.4861, 1.8035 ], [ 103.5256, 1.8053 ], [ 103.5624, 1.7912 ], [ 103.6077, 1.8016 ], [ 103.6382, 1.7923 ], [ 103.6193, 1.8302 ], [ 103.5508, 1.9038 ], [ 103.5517, 1.9383 ], [ 103.5684, 1.939 ], [ 103.5613, 2.0441 ], [ 103.6104, 2.2646 ], [ 103.629, 2.2785 ], [ 103.6232, 2.3621 ], [ 103.6301, 2.3761 ], [ 103.5348, 2.3389 ], [ 103.4645, 2.3935 ], [ 103.3806, 2.3764 ], [ 103.3207, 2.322 ], [ 103.13, 2.2376 ], [ 103.1082, 2.2122 ], [ 103.1045, 2.1714 ] ] ] } },
{ "type": "Feature", "properties": { "id": "jhr-kota-tinggi", "slug": "kota-tinggi", "name": "Kota Tinggi", "state": "Johor", "division": null, "area_km2": 3483.8488176502046, "lon": 103.9607, "lat": 1.6934 }, "geometry": { "type": "Polygon", "coordinates": [ [ [ 103.6193, 1.8302 ], [ 103.6586, 1.7554 ], [ 103.666, 1.7578 ], [ 103.6781, 1.7333 ], [ 103.6729, 1.7264 ], [ 103.7234, 1.6586 ], [ 103.7382, 1.671 ], [ 103.7638, 1.6681 ], [ 103.7771, 1.642 ], [ 103.8585, 1.5996 ], [ 103.8742, 1.6083 ], [ 103.9044, 1.6734 ], [ 103.9736, 1.6356 ], [ 103.9805, 1.599 ], [ 104.0206, 1.5514 ], [ 104.0288, 1.4416 ], [ 104.0782, 1.4375 ], [ 104.0962, 1.4236 ], [ 104.1136, 1.3934 ], [ 104.0909, 1.3742 ], [ 104.127, 1.3573 ], [ 104.134, 1.3434 ], [ 104.2031, 1.3399 ], [ 104.2444, 1.3707 ], [ 104.2496, 1.3591 ], [ 104.2839, 1.3701 ], [ 104.2757, 1.4305 ], [ 104.2891, 1.434 ], [ 104.2932, 1.4491 ], [ 104.2746, 1.4817 ], [ 104.2723, 1.5026 ], [ 104.2827, 1.5171 ], [ 104.2554, 1.5543 ], [ 104.2624, 1.5798 ], [ 104.2525, 1.5996 ], [ 104.2612, 1.6042 ], [ 104.2438, 1.6286 ], [ 104.2513, 1.6536 ], [ 104.2002, 1.7367 ], [ 104.1572, 1.8505 ], [ 104.1514, 1.8563 ], [ 104.1444, 1.8435 ], [ 104.1316, 1.8482 ], [ 104.1043, 1.8813 ], [ 104.1037, 1.9098 ], [ 104.1095, 1.922 ], [ 104.1299, 1.9243 ], [ 104.1276, 1.9336 ], [ 104.1159, 1.9673 ], [ 104.0578, 2.0425 ], [ 103.5613, 2.0441 ], [ 103.5684, 1.939 ], [ 103.5517, 1.9383 ], [ 103.5508, 1.9038 ], [ 103.6193, 1.8302 ] ] ] } },
{ "type": "Feature", "properties": { "id": "jhr-kulai", "slug": "kulai", "name": "Kulai", "state": "Johor", "division": null, "area_km2": 736.66706539031338, "lon": 103.54619, "lat": 1.68747 }, "geometry": { "type": "Polygon", "coordinates": [ [ [ 103.3624, 1.7104 ], [ 103.5072, 1.5822 ], [ 103.5134, 1.5446 ], [ 103.5322, 1.5317 ], [ 103.5686, 1.5593 ], [ 103.5938, 1.557 ], [ 103.6091, 1.585 ], [ 103.6605, 1.5881 ], [ 103.6881, 1.6088 ], [ 103.6881, 1.6191 ], [ 103.7022, 1.6036 ], [ 103.7195, 1.6057 ], [ 103.7362, 1.6398 ], [ 103.6729, 1.7264 ], [ 103.6781, 1.7333 ], [ 103.645, 1.7911 ], [ 103.6077, 1.8016 ], [ 103.5624, 1.7912 ], [ 103.5256, 1.8053 ], [ 103.4861, 1.8035 ], [ 103.4448, 1.7726 ], [ 103.4296, 1.7849 ], [ 103.3624, 1.7104 ] ] ] } },
{ "type": "Feature", "properties": { "id": "jhr-mersing", "slug": "mersing", "name": "Mersing", "state": "Johor", "division": null, "area_km2": 2849.694798760921, "lon": 103.76718, "lat": 2.35442 }, "geometry": { "type": "MultiPolygon", "coordinates": [ [ [ [ 104.0663, 2.2313 ], [ 104.0676, 2.2236 ], [ 104.09, 2.1955 ], [ 104.0713, 2.1966 ], [ 104.0727, 2.2162 ], [ 104.0514, 2.2303 ], [ 104.0663, 2.2313 ] ] ], [ [ [ 103.4162, 2.5583 ], [ 103.4471, 2.5542 ], [ 103.4724, 2.5256 ], [ 103.6092, 2.4591 ], [ 103.6107, 2.4728 ], [ 103.6271, 2.4654 ], [ 103.6386, 2.4884 ], [ 103.6304, 2.4888 ], [ 103.6182, 2.5193 ], [ 103.6219, 2.533 ], [ 103.591, 2.5297 ], [ 103.5966, 2.5568 ], [ 103.6118, 2.5661 ], [ 103.6182, 2.5594 ], [ 103.6152, 2.5761 ], [ 103.5981, 2.5702 ], [ 103.6007, 2.5828 ], [ 103.623, 2.5876 ], [ 103.6133, 2.5988 ], [ 103.6275, 2.6062 ], [ 103.6144, 2.6192 ], [ 103.6241, 2.6303 ], [ 103.613, 2.6359 ], [ 103.6126, 2.6489 ], [ 103.604, 2.6497 ], [ 103.6007, 2.6318 ], [ 103.5884, 2.6497 ], [ 103.5921, 2.6586 ], [ 103.6029, 2.666 ], [ 103.6219, 2.6567 ], [ 103.6675, 2.6649 ], [ 103.7065, 2.6413 ], [ 103.7456, 2.634 ], [ 103.7583, 2.6504 ], [ 103.7656, 2.6395 ], [ 103.7619, 2.6177 ], [ 103.8164, 2.5715 ], [ 103.8264, 2.5306 ], [ 103.8418, 2.5116 ], [ 103.8391, 2.5034 ], [ 103.8164, 2.5007 ], [ 103.8337, 2.439 ], [ 103.8455, 2.4354 ], [ 103.9117, 2.3519 ], [ 103.9608, 2.3138 ], [ 103.949, 2.2939 ], [ 103.9826, 2.2512 ], [ 103.9771, 2.2431 ], [ 103.9626, 2.2539 ], [ 103.9535, 2.2422 ], [ 103.9553, 2.2095 ], [ 104.0107, 2.1469 ], [ 104.0588, 2.0425 ], [ 103.5613, 2.0441 ], [ 103.6104, 2.2646 ], [ 103.629, 2.2785 ], [ 103.6232, 2.3621 ], [ 103.6301, 2.3761 ], [ 103.5348, 2.3389 ], [ 103.4645, 2.3935 ], [ 103.3806, 2.3764 ], [ 103.2886, 2.5777 ], [ 103.3548, 2.5917 ], [ 103.4162, 2.5583 ] ] ], [ [ [ 103.9778, 2.4581 ], [ 103.9975, 2.4284 ], [ 103.9927, 2.4246 ], [ 103.9755, 2.4354 ], [ 103.9778, 2.4581 ] ] ], [ [ [ 103.9566, 2.4772 ], [ 103.9648, 2.4769 ], [ 103.961, 2.4733 ], [ 103.9566, 2.4772 ] ] ], [ [ [ 103.8417, 2.4879 ], [ 103.8537, 2.4755 ], [ 103.8378, 2.4787 ], [ 103.8417, 2.4879 ] ] ], [ [ [ 103.9473, 2.4917 ], [ 103.9541, 2.4939 ], [ 103.9551, 2.4884 ], [ 103.9473, 2.4917 ] ] ], [ [ [ 104.0994, 2.189 ], [ 104.1003, 2.1822 ], [ 104.0963, 2.1846 ], [ 104.0994, 2.189 ] ] ], [ [ [ 104.0932, 2.3181 ], [ 104.1303, 2.3118 ], [ 104.1435, 2.2893 ], [ 104.1286, 2.2811 ], [ 104.11, 2.2871 ], [ 104.094, 2.3008 ], [ 104.0932, 2.3181 ] ] ], [ [ [ 104.5119, 2.4728 ], [ 104.5416, 2.4531 ], [ 104.5401, 2.4372 ], [ 104.5228, 2.4259 ], [ 104.514, 2.441 ], [ 104.5024, 2.4424 ], [ 104.4986, 2.4588 ], [ 104.5119, 2.4728 ] ] ], [ [ [ 104.5098, 2.4776 ], [ 104.5051, 2.4714 ], [ 104.4928, 2.4718 ], [ 104.5014, 2.4818 ], [ 104.5098, 2.4776 ] ] ], [ [ [ 104.3242, 2.5965 ], [ 104.3442, 2.5773 ], [ 104.3406, 2.5633 ], [ 104.3117, 2.5838 ], [ 104.3099, 2.5942 ], [ 104.3242, 2.5965 ] ] ] ] } },
{ "type": "Feature", "properties": { "id": "jhr-muar", "slug": "muar", "name": "Muar", "state": "Johor", "division": null, "area_km2": 1377.7679981034805, "lon": 102.78267, "lat": 2.1339 }, "geometry": { "type": "Polygon", "coordinates": [ [ [ 102.8295, 2.3802 ], [ 102.8315, 2.3486 ], [ 102.8188, 2.3472 ], [ 102.8172, 2.3329 ], [ 102.8058, 2.3408 ], [ 102.8003, 2.303 ], [ 102.7872, 2.3015 ], [ 102.7996, 2.2799 ], [ 102.8115, 2.2804 ], [ 102.7934, 2.259 ], [ 102.8105, 2.2516 ], [ 102.7731, 2.2342 ], [ 102.7736, 2.2269 ], [ 102.7903, 2.2261 ], [ 102.7747, 2.2023 ], [ 102.7531, 2.2012 ], [ 102.7427, 2.1815 ], [ 102.7152, 2.174 ], [ 102.7152, 2.1536 ], [ 102.7066, 2.1473 ], [ 102.6977, 2.1558 ], [ 102.6605, 2.1395 ], [ 102.6527, 2.1569 ], [ 102.6367, 2.1551 ], [ 102.6441, 2.1306 ], [ 102.6211, 2.1283 ], [ 102.6136, 2.1164 ], [ 102.6047, 2.1246 ], [ 102.6107, 2.1372 ], [ 102.6237, 2.1399 ], [ 102.6006, 2.1499 ], [ 102.5813, 2.1079 ], [ 102.6006, 2.1042 ], [ 102.6006, 2.0938 ], [ 102.5902, 2.0893 ], [ 102.5731, 2.1057 ], [ 102.5664, 2.0845 ], [ 102.5471, 2.0826 ], [ 102.5333, 2.0679 ], [ 102.5644, 2.0515 ], [ 102.5446, 2.0422 ], [ 102.5469, 2.0271 ], [ 102.6289, 1.9527 ], [ 102.6783, 1.8778 ], [ 102.7067, 1.854 ], [ 102.7375, 1.8691 ], [ 102.7765, 1.8668 ], [ 102.8, 1.9588 ], [ 102.8494, 2.0332 ], [ 102.8725, 2.0518 ], [ 102.8691, 2.0808 ], [ 102.887, 2.0826 ], [ 103.0235, 2.302 ], [ 102.98, 2.3325 ], [ 102.9586, 2.3372 ], [ 102.9198, 2.3841 ], [ 102.906, 2.3957 ], [ 102.8955, 2.3926 ], [ 102.8817, 2.4107 ], [ 102.8576, 2.4136 ], [ 102.8395, 2.3764 ], [ 102.8295, 2.3802 ] ] ] } },
{ "type": "Feature", "properties": { "id": "jhr-pontian", "slug": "pontian", "name": "Pontian", "state": "Johor", "division": null, "area_km2": 913.78178995948986, "lon": 103.47559, "lat": 1.51344 }, "geometry": { "type": "Polygon", "coordinates": [ [ [ 103.185, 1.6234 ], [ 103.2762, 1.5915 ], [ 103.3624, 1.537 ], [ 103.4496, 1.321 ], [ 103.4768, 1.3047 ], [ 103.5052, 1.265 ], [ 103.5168, 1.2644 ], [ 103.511, 1.2882 ], [ 103.5174, 1.3115 ], [ 103.5459, 1.3359 ], [ 103.5354, 1.3974 ], [ 103.554, 1.4689 ], [ 103.5819, 1.4857 ], [ 103.5743, 1.4927 ], [ 103.5749, 1.5281 ], [ 103.5435, 1.5241 ], [ 103.5496, 1.5408 ], [ 103.5419, 1.5425 ], [ 103.5322, 1.5317 ], [ 103.5205, 1.5358 ], [ 103.5072, 1.5822 ], [ 103.3624, 1.7104 ], [ 103.2272, 1.7662 ], [ 103.196, 1.6975 ], [ 103.2016, 1.6321 ], [ 103.185, 1.6234 ] ] ] } },
{ "type": "Feature", "properties": { "id": "jhr-segamat", "slug": "segamat", "name": "Segamat", "state": "Johor", "division": null, "area_km2": 2868.3771147699936, "lon": 102.96478, "lat": 2.5 }, "geometry": { "type": "Polygon", "coordinates": [ [ [ 102.7013, 2.8321 ], [ 102.6256, 2.6321 ], [ 102.6394, 2.6083 ], [ 102.6344, 2.5881 ], [ 102.6227, 2.5893 ], [ 102.6089, 2.5653 ], [ 102.6108, 2.531 ], [ 102.6191, 2.5225 ], [ 102.6068, 2.5101 ], [ 102.6072, 2.4899 ], [ 102.6311, 2.4821 ], [ 102.6248, 2.4461 ], [ 102.6549, 2.4089 ], [ 102.669, 2.42 ], [ 102.6709, 2.4067 ], [ 102.6873, 2.3981 ], [ 102.7148, 2.4286 ], [ 102.7297, 2.4115 ], [ 102.7695, 2.4145 ], [ 102.7797, 2.3986 ], [ 102.8001, 2.3986 ], [ 102.8095, 2.3862 ], [ 102.8004, 2.38 ], [ 102.8223, 2.369 ], [ 102.8295, 2.3802 ], [ 102.8395, 2.3764 ], [ 102.8576, 2.4136 ], [ 102.8817, 2.4107 ], [ 102.8955, 2.3926 ], [ 102.906, 2.3957 ], [ 102.9198, 2.3841 ], [ 102.9586, 2.3372 ], [ 102.98, 2.3325 ], [ 103.0235, 2.302 ], [ 102.9647, 2.204 ], [ 103.0555, 2.1687 ], [ 103.1045, 2.1714 ], [ 103.1082, 2.2122 ], [ 103.13, 2.2376 ], [ 103.3207, 2.322 ], [ 103.3806, 2.3764 ], [ 103.2886, 2.5777 ], [ 103.1515, 2.5231 ], [ 102.9741, 2.594 ], [ 102.7968, 2.8023 ], [ 102.7013, 2.8321 ] ] ] } },
{ "type": "Feature", "properties": { "id": "jhr-tangkak", "slug": "tangkak", "name": "Tangkak", "state": "Johor", "division": null, "area_km2": 991.09719263708553, "lon": 102.65488, "lat": 2.27484 }, "geometry": { "type": "Polygon", "coordinates": [ [ [ 102.5939, 2.4108 ], [ 102.5342, 2.3871 ], [ 102.5342, 2.3749 ], [ 102.5092, 2.3441 ], [ 102.5144, 2.3238 ], [ 102.49, 2.2431 ], [ 102.4964, 2.2251 ], [ 102.4696, 2.2024 ], [ 102.4761, 2.1824 ], [ 102.4942, 2.1829 ], [ 102.5056, 2.1676 ], [ 102.5344, 2.1595 ], [ 102.5394, 2.1379 ], [ 102.5304, 2.1201 ], [ 102.5154, 2.1141 ], [ 102.5042, 2.1274 ], [ 102.5025, 2.1191 ], [ 102.4825, 2.1135 ], [ 102.493, 2.1104 ], [ 102.4912, 2.097 ], [ 102.5334, 2.0678 ], [ 102.5471, 2.0826 ], [ 102.5664, 2.0845 ], [ 102.5731, 2.1057 ], [ 102.5902, 2.0893 ], [ 102.6006, 2.0938 ], [ 102.6006, 2.1042 ], [ 102.5813, 2.1079 ], [ 102.6006, 2.1499 ], [ 102.6237, 2.1399 ], [ 102.6107, 2.1372 ], [ 102.6047, 2.1246 ], [ 102.6136, 2.1164 ], [ 102.6211, 2.1283 ], [ 102.6441, 2.1306 ], [ 102.6367, 2.1551 ], [ 102.6527, 2.1569 ], [ 102.6605, 2.1395 ], [ 102.6977, 2.1558 ], [ 102.7066, 2.1473 ], [ 102.7152, 2.1536 ], [ 102.7152, 2.174 ], [ 102.7427, 2.1815 ], [ 102.7531, 2.2012 ], [ 102.7747, 2.2023 ], [ 102.7903, 2.2261 ], [ 102.7736, 2.2269 ], [ 102.7731, 2.2342 ], [ 102.8105, 2.2516 ], [ 102.7934, 2.259 ], [ 102.8115, 2.2804 ], [ 102.7996, 2.2799 ], [ 102.7872, 2.3015 ], [ 102.8003, 2.303 ], [ 102.8058, 2.3408 ], [ 102.8172, 2.3329 ], [ 102.8188, 2.3472 ], [ 102.8315, 2.3486 ], [ 102.8257, 2.3713 ], [ 102.8004, 2.38 ], [ 102.8076, 2.3917 ], [ 102.7772, 2.3999 ], [ 102.7695, 2.4145 ], [ 102.7297, 2.4115 ], [ 102.7148, 2.4286 ], [ 102.6873, 2.3981 ], [ 102.6709, 2.4067 ], [ 102.669, 2.42 ], [ 102.6549, 2.4089 ], [ 102.6248, 2.4461 ], [ 102.6311, 2.4821 ], [ 102.614, 2.4822 ], [ 102.6165, 2.4716 ], [ 102.5961, 2.4537 ], [ 102.5939, 2.4108 ] ] ] } },
{ "type": "Feature", "properties": { "id": "kdh-baling", "slug": "baling", "name": "Baling", "state": "Kedah", "division": null, "area_km2": 1540.6901010024324, "lon": 100.92742, "lat": 5.72291 }, "geometry": { "type": "Polygon", "coordinates": [ [ [ 100.9766, 5.7758 ], [ 101.0214, 5.7533 ], [ 100.9853, 5.8048 ], [ 101.0062, 5.8373 ], [ 101.0289, 5.9159 ], [ 101.067, 5.9213 ], [ 101.0852, 5.9132 ], [ 101.0943, 5.9439 ], [ 101.1224, 5.98 ], [ 101.1043, 5.9981 ], [ 101.1133, 6.0306 ], [ 101.0947, 6.0509 ], [ 100.9977, 6.0468 ], [ 100.9814, 6.033 ], [ 100.9582, 6.0387 ], [ 100.8762, 5.9954 ], [ 100.8669, 5.9821 ], [ 100.8896, 5.9457 ], [ 100.8972, 5.9064 ], [ 100.8761, 5.83 ], [ 100.8805, 5.7916 ], [ 100.8593, 5.7612 ], [ 100.8876, 5.736 ], [ 100.8842, 5.7187 ], [ 100.8705, 5.7168 ], [ 100.8671, 5.6961 ], [ 100.8593, 5.7227 ], [ 100.8459, 5.7127 ], [ 100.8348, 5.7194 ], [ 100.8006, 5.7212 ], [ 100.7816, 5.7127 ], [ 100.7411, 5.7187 ], [ 100.7165, 5.7039 ], [ 100.7176, 5.6935 ], [ 100.7068, 5.6976 ], [ 100.6968, 5.6861 ], [ 100.6704, 5.7094 ], [ 100.6633, 5.7597 ], [ 100.647, 5.6987 ], [ 100.6708, 5.6728 ], [ 100.6607, 5.6495 ], [ 100.6644, 5.6339 ], [ 100.6537, 5.6139 ], [ 100.6444, 5.6202 ], [ 100.6406, 5.6117 ], [ 100.622, 5.6117 ], [ 100.6287, 5.5995 ], [ 100.6187, 5.5991 ], [ 100.6178, 5.5698 ], [ 100.6055, 5.5515 ], [ 100.6373, 5.5677 ], [ 100.6503, 5.5525 ], [ 100.6797, 5.5451 ], [ 100.6855, 5.523 ], [ 100.7097, 5.4942 ], [ 100.6981, 5.4724 ], [ 100.7002, 5.4563 ], [ 100.7254, 5.4425 ], [ 100.7269, 5.4172 ], [ 100.7576, 5.4051 ], [ 100.7992, 5.4141 ], [ 100.8023, 5.4018 ], [ 100.8168, 5.3956 ], [ 100.8657, 5.4266 ], [ 100.8675, 5.4634 ], [ 100.8821, 5.4929 ], [ 100.9198, 5.4987 ], [ 100.9413, 5.5427 ], [ 100.9355, 5.571 ], [ 100.9437, 5.5884 ], [ 100.9309, 5.5913 ], [ 100.9251, 5.6104 ], [ 100.9454, 5.6294 ], [ 100.9425, 5.6491 ], [ 100.9541, 5.6439 ], [ 100.9666, 5.6515 ], [ 100.9808, 5.7024 ], [ 100.9525, 5.7405 ], [ 100.9468, 5.7701 ], [ 100.9766, 5.7758 ] ] ] } },
{ "type": "Feature", "properties": { "id": "kdh-bandar-baharu", "slug": "bandar-baharu", "name": "Bandar Baharu", "state": "Kedah", "division": null, "area_km2": 268.33853329905207, "lon": 100.60696, "lat": 5.20366 }, "geometry": { "type": "Polygon", "coordinates": [ [ [ 100.7364, 5.3091 ], [ 100.724, 5.3115 ], [ 100.7121, 5.3373 ], [ 100.6888, 5.3283 ], [ 100.6866, 5.2887 ], [ 100.6762, 5.2935 ], [ 100.6733, 5.283 ], [ 100.6621, 5.2833 ], [ 100.6664, 5.2745 ], [ 100.649, 5.2653 ], [ 100.6509, 5.2745 ], [ 100.6416, 5.2785 ], [ 100.6328, 5.2392 ], [ 100.5671, 5.2617 ], [ 100.5386, 5.2484 ], [ 100.5507, 5.1432 ], [ 100.4953, 5.1405 ], [ 100.4988, 5.1185 ], [ 100.5071, 5.1267 ], [ 100.5182, 5.1183 ], [ 100.5127, 5.0952 ], [ 100.552, 5.0916 ], [ 100.5449, 5.0827 ], [ 100.5537, 5.0863 ], [ 100.5509, 5.0763 ], [ 100.5849, 5.0974 ], [ 100.5886, 5.1222 ], [ 100.6252, 5.14 ], [ 100.6316, 5.166 ], [ 100.6641, 5.1898 ], [ 100.6885, 5.2401 ], [ 100.7292, 5.2702 ], [ 100.7364, 5.3091 ] ] ] } },
{ "type": "Feature", "properties": { "id": "kdh-kota-setar", "slug": "kota-setar", "name": "Kota Setar", "state": "Kedah", "division": null, "area_km2": 420.63676412553866, "lon": 100.36836, "lat": 6.09768 }, "geometry": { "type": "Polygon", "coordinates": [ [ [ 100.4095, 5.9717 ], [ 100.3859, 6.0431 ], [ 100.4432, 6.042 ], [ 100.4617, 6.0542 ], [ 100.4736, 6.085 ], [ 100.4593, 6.0829 ], [ 100.4396, 6.1312 ], [ 100.4524, 6.1371 ], [ 100.4523, 6.1566 ], [ 100.4651, 6.1633 ], [ 100.4707, 6.1942 ], [ 100.4566, 6.2173 ], [ 100.4378, 6.2179 ], [ 100.4322, 6.2055 ], [ 100.4167, 6.2007 ], [ 100.3747, 6.2114 ], [ 100.3461, 6.231 ], [ 100.2803, 6.223 ], [ 100.2865, 6.2213 ], [ 100.2822, 6.2029 ], [ 100.2568, 6.1815 ], [ 100.2847, 6.0948 ], [ 100.3277, 6.0387 ], [ 100.3503, 5.9735 ], [ 100.387, 5.979 ], [ 100.3896, 5.97 ], [ 100.4095, 5.9717 ] ] ] } },
{ "type": "Feature", "properties": { "id": "kdh-kuala-muda", "slug": "kuala-muda", "name": "Kuala Muda", "state": "Kedah", "division": null, "area_km2": 923.39745030301287, "lon": 100.5002, "lat": 5.70034 }, "geometry": { "type": "Polygon", "coordinates": [ [ [ 100.5234, 5.5501 ], [ 100.5407, 5.5655 ], [ 100.5426, 5.5513 ], [ 100.5586, 5.5472 ], [ 100.556, 5.5368 ], [ 100.5726, 5.5318 ], [ 100.5724, 5.5409 ], [ 100.6055, 5.5515 ], [ 100.6178, 5.5698 ], [ 100.6187, 5.5991 ], [ 100.6287, 5.5995 ], [ 100.622, 5.6117 ], [ 100.6406, 5.6117 ], [ 100.6444, 5.6202 ], [ 100.6537, 5.6139 ], [ 100.6708, 5.6709 ], [ 100.647, 5.6987 ], [ 100.6633, 5.7597 ], [ 100.647, 5.7782 ], [ 100.6507, 5.7871 ], [ 100.6325, 5.7879 ], [ 100.6284, 5.8245 ], [ 100.6042, 5.8271 ], [ 100.602, 5.8415 ], [ 100.5591, 5.8488 ], [ 100.5198, 5.8641 ], [ 100.5195, 5.872 ], [ 100.4915, 5.8679 ], [ 100.491, 5.8604 ], [ 100.4684, 5.8682 ], [ 100.47, 5.8502 ], [ 100.4405, 5.8252 ], [ 100.4383, 5.7953 ], [ 100.4026, 5.7538 ], [ 100.3903, 5.7205 ], [ 100.3539, 5.7183 ], [ 100.3591, 5.6826 ], [ 100.38, 5.6774 ], [ 100.4015, 5.6532 ], [ 100.3846, 5.6537 ], [ 100.373, 5.6699 ], [ 100.355, 5.6641 ], [ 100.3445, 5.6745 ], [ 100.3317, 5.6578 ], [ 100.3422, 5.6485 ], [ 100.3398, 5.5776 ], [ 100.3627, 5.574 ], [ 100.371, 5.5847 ], [ 100.3839, 5.584 ], [ 100.4234, 5.5636 ], [ 100.4857, 5.5622 ], [ 100.4881, 5.5707 ], [ 100.5237, 5.5593 ], [ 100.5234, 5.5501 ] ] ] } },
{ "type": "Feature", "properties": { "id": "kdh-kubang-pasu", "slug": "kubang-pasu", "name": "Kubang Pasu", "state": "Kedah", "division": null, "area_km2": 949.20850087409065, "lon": 100.40103, "lat": 6.37771 }, "geometry": { "type": "Polygon", "coordinates": [ [ [ 100.4596, 6.2103 ], [ 100.473, 6.2173 ], [ 100.4669, 6.2331 ], [ 100.4784, 6.2351 ], [ 100.4838, 6.2494 ], [ 100.5017, 6.2491 ], [ 100.5231, 6.2642 ], [ 100.5187, 6.2749 ], [ 100.5283, 6.2968 ], [ 100.5049, 6.3215 ], [ 100.5038, 6.3507 ], [ 100.5168, 6.3618 ], [ 100.519, 6.3796 ], [ 100.561, 6.394 ], [ 100.5683, 6.4287 ], [ 100.5909, 6.4316 ], [ 100.5944, 6.4754 ], [ 100.5633, 6.4952 ], [ 100.5473, 6.4864 ], [ 100.5138, 6.4919 ], [ 100.4952, 6.5078 ], [ 100.4904, 6.5255 ], [ 100.4703, 6.5215 ], [ 100.4595, 6.5314 ], [ 100.4201, 6.5189 ], [ 100.4034, 6.5344 ], [ 100.3648, 6.5411 ], [ 100.3508, 6.5731 ], [ 100.3539, 6.553 ], [ 100.3703, 6.5298 ], [ 100.3632, 6.4543 ], [ 100.3075, 6.4104 ], [ 100.2048, 6.2908 ], [ 100.1932, 6.252 ], [ 100.2356, 6.2225 ], [ 100.2568, 6.1815 ], [ 100.2822, 6.2029 ], [ 100.2865, 6.2213 ], [ 100.2803, 6.223 ], [ 100.3461, 6.231 ], [ 100.3747, 6.2114 ], [ 100.4167, 6.2007 ], [ 100.4322, 6.2055 ], [ 100.4378, 6.2179 ], [ 100.4596, 6.2103 ] ] ] } },
{ "type": "Feature", "properties": { "id": "kdh-kulim", "slug": "kulim", "name": "Kulim", "state": "Kedah", "division": null, "area_km2": 764.5474237564282, "lon": 100.66322, "lat": 5.40367 }, "geometry": { "type": "Polygon", "coordinates": [ [ [ 100.8657, 5.4266 ], [ 100.8142, 5.3949 ], [ 100.7992, 5.4141 ], [ 100.7457, 5.4084 ], [ 100.7269, 5.4172 ], [ 100.7254, 5.4425 ], [ 100.7002, 5.4563 ], [ 100.6981, 5.4724 ], [ 100.7097, 5.4942 ], [ 100.6855, 5.523 ], [ 100.6797, 5.5451 ], [ 100.6503, 5.5525 ], [ 100.6373, 5.5677 ], [ 100.6113, 5.5514 ], [ 100.5975, 5.5551 ], [ 100.5671, 5.5304 ], [ 100.5386, 5.5648 ], [ 100.5294, 5.5573 ], [ 100.5236, 5.3679 ], [ 100.5386, 5.2484 ], [ 100.5671, 5.2617 ], [ 100.6328, 5.2392 ], [ 100.6416, 5.2785 ], [ 100.6509, 5.2745 ], [ 100.649, 5.2653 ], [ 100.6664, 5.2745 ], [ 100.6621, 5.2833 ], [ 100.6733, 5.283 ], [ 100.6762, 5.2935 ], [ 100.6866, 5.2887 ], [ 100.6888, 5.3283 ], [ 100.7121, 5.3373 ], [ 100.724, 5.3115 ], [ 100.7364, 5.3091 ], [ 100.7408, 5.3177 ], [ 100.8129, 5.3246 ], [ 100.8491, 5.3548 ], [ 100.8609, 5.3972 ], [ 100.8518, 5.409 ], [ 100.8657, 5.4266 ] ] ] } },
{ "type": "Feature", "properties": { "id": "kdh-langkawi", "slug": "langkawi", "name": "Langkawi", "state": "Kedah", "division": null, "area_km2": 456.92137442474808, "lon": 99.77505, "lat": 6.36953 }, "geometry": { "type": "MultiPolygon", "coordinates": [ [ [ [ 99.7483, 6.2207 ], [ 99.7425, 6.2075 ], [ 99.7506, 6.1971 ], [ 99.7425, 6.1861 ], [ 99.7291, 6.1895 ], [ 99.7268, 6.1791 ], [ 99.7233, 6.2109 ], [ 99.7332, 6.2283 ], [ 99.7483, 6.2207 ] ] ], [ [ [ 99.8297, 6.2514 ], [ 99.8454, 6.2675 ], [ 99.8628, 6.234 ], [ 99.8535, 6.2138 ], [ 99.8512, 6.2265 ], [ 99.8378, 6.2242 ], [ 99.8285, 6.1947 ], [ 99.8053, 6.1745 ], [ 99.8023, 6.1884 ], [ 99.7884, 6.1838 ], [ 99.7872, 6.2051 ], [ 99.775, 6.2046 ], [ 99.7704, 6.2184 ], [ 99.8018, 6.2722 ], [ 99.8355, 6.2941 ], [ 99.8401, 6.2797 ], [ 99.8239, 6.2646 ], [ 99.8297, 6.2514 ] ] ], [ [ [ 99.9336, 6.3119 ], [ 99.9277, 6.3167 ], [ 99.9228, 6.2942 ], [ 99.9126, 6.3101 ], [ 99.8845, 6.3119 ], [ 99.9277, 6.3249 ], [ 99.9336, 6.3119 ] ] ], [ [ [ 99.8903, 6.4142 ], [ 99.9093, 6.3916 ], [ 99.9003, 6.3555 ], [ 99.9103, 6.3285 ], [ 99.8585, 6.2978 ], [ 99.8449, 6.3212 ], [ 99.8158, 6.3231 ], [ 99.7704, 6.2797 ], [ 99.7568, 6.2797 ], [ 99.7332, 6.2599 ], [ 99.7141, 6.3176 ], [ 99.7223, 6.333 ], [ 99.715, 6.3546 ], [ 99.6506, 6.361 ], [ 99.6388, 6.4187 ], [ 99.6478, 6.4386 ], [ 99.6642, 6.4295 ], [ 99.7014, 6.4368 ], [ 99.785, 6.4241 ], [ 99.8213, 6.4611 ], [ 99.8231, 6.4755 ], [ 99.8467, 6.4647 ], [ 99.8521, 6.4331 ], [ 99.8903, 6.4142 ] ] ] ] } },
{ "type": "Feature", "properties": { "id": "kdh-padang-terap", "slug": "padang-terap", "name": "Padang Terap", "state": "Kedah", "division": null, "area_km2": 1354.7493146283921, "lon": 100.68582, "lat": 6.23461 }, "geometry": { "type": "Polygon", "coordinates": [ [ [ 100.683, 5.9778 ], [ 100.7017, 5.9598 ], [ 100.7178, 5.9592 ], [ 100.7166, 5.9756 ], [ 100.7349, 5.9854 ], [ 100.737, 5.996 ], [ 100.7267, 6.0023 ], [ 100.7363, 6.038 ], [ 100.7484, 6.0301 ], [ 100.7544, 6.0498 ], [ 100.7849, 6.0615 ], [ 100.7879, 6.0936 ], [ 100.8059, 6.1202 ], [ 100.8053, 6.1612 ], [ 100.8483, 6.1531 ], [ 100.86, 6.1722 ], [ 100.8547, 6.2306 ], [ 100.8344, 6.2877 ], [ 100.8495, 6.3103 ], [ 100.821, 6.353 ], [ 100.8234, 6.4021 ], [ 100.8123, 6.4414 ], [ 100.7763, 6.461 ], [ 100.7501, 6.4587 ], [ 100.7362, 6.5101 ], [ 100.7066, 6.4697 ], [ 100.6572, 6.4471 ], [ 100.5944, 6.4754 ], [ 100.5909, 6.4316 ], [ 100.5683, 6.4287 ], [ 100.561, 6.394 ], [ 100.519, 6.3796 ], [ 100.5015, 6.3433 ], [ 100.5049, 6.3215 ], [ 100.5283, 6.2968 ], [ 100.5187, 6.2749 ], [ 100.5231, 6.2642 ], [ 100.5108, 6.2591 ], [ 100.5178, 6.234 ], [ 100.5439, 6.1907 ], [ 100.583, 6.2276 ], [ 100.6027, 6.1762 ], [ 100.596, 6.1633 ], [ 100.6403, 6.1348 ], [ 100.6424, 6.0604 ], [ 100.6583, 6.0312 ], [ 100.6961, 5.9983 ], [ 100.683, 5.9778 ] ] ] } },
{ "type": "Feature", "properties": { "id": "kdh-pendang", "slug": "pendang", "name": "Pendang", "state": "Kedah", "division": null, "area_km2": 629.5070002393461, "lon": 100.54585, "lat": 5.97907 }, "geometry": { "type": "Polygon", "coordinates": [ [ [ 100.6019, 5.8408 ], [ 100.6161, 5.8733 ], [ 100.6131, 5.8963 ], [ 100.6595, 5.959 ], [ 100.6973, 5.9931 ], [ 100.6583, 6.0312 ], [ 100.6424, 6.0604 ], [ 100.6419, 6.1132 ], [ 100.609, 6.1189 ], [ 100.6012, 6.1097 ], [ 100.5425, 6.1049 ], [ 100.5172, 6.0764 ], [ 100.474, 6.0797 ], [ 100.4591, 6.0509 ], [ 100.4432, 6.042 ], [ 100.3859, 6.0431 ], [ 100.4095, 5.9717 ], [ 100.4239, 5.9671 ], [ 100.4531, 5.924 ], [ 100.4491, 5.8987 ], [ 100.464, 5.8662 ], [ 100.491, 5.8604 ], [ 100.4915, 5.8679 ], [ 100.5195, 5.872 ], [ 100.5198, 5.8641 ], [ 100.5591, 5.8488 ], [ 100.6019, 5.8408 ] ] ] } },
{ "type": "Feature", "properties": { "id": "kdh-pokok-sena", "slug": "pokok-sena", "name": "Pokok Sena", "state": "Kedah", "division": null, "area_km2": 244.43236173764052, "lon": 100.53036, "lat": 6.16472 }, "geometry": { "type": "Polygon", "coordinates": [ [ [ 100.6409, 6.113 ], [ 100.6369, 6.1393 ], [ 100.596, 6.1633 ], [ 100.6027, 6.1762 ], [ 100.583, 6.2276 ], [ 100.5439, 6.1907 ], [ 100.51, 6.2557 ], [ 100.4905, 6.2544 ], [ 100.4784, 6.2351 ], [ 100.4669, 6.2331 ], [ 100.473, 6.2173 ], [ 100.4596, 6.2103 ], [ 100.4723, 6.1839 ], [ 100.4651, 6.1633 ], [ 100.4523, 6.1566 ], [ 100.4486, 6.1309 ], [ 100.4396, 6.1312 ], [ 100.4593, 6.0829 ], [ 100.5172, 6.0764 ], [ 100.5425, 6.1049 ], [ 100.6012, 6.1097 ], [ 100.609, 6.1189 ], [ 100.6409, 6.113 ] ] ] } },
{ "type": "Feature", "properties": { "id": "kdh-sik", "slug": "sik", "name": "Sik", "state": "Kedah", "division": null, "area_km2": 1651.6318145200091, "lon": 100.80086, "lat": 5.9843 }, "geometry": { "type": "Polygon", "coordinates": [ [ [ 101.0947, 6.0509 ], [ 101.1261, 6.0965 ], [ 101.1244, 6.1075 ], [ 101.0575, 6.1404 ], [ 101.0744, 6.1687 ], [ 101.1244, 6.1942 ], [ 101.104, 6.2369 ], [ 101.1104, 6.2502 ], [ 101.088, 6.2598 ], [ 101.0386, 6.2469 ], [ 101.0111, 6.2498 ], [ 100.9672, 6.2846 ], [ 100.9397, 6.2428 ], [ 100.9188, 6.2491 ], [ 100.9018, 6.2352 ], [ 100.8733, 6.2623 ], [ 100.8704, 6.2415 ], [ 100.8547, 6.2306 ], [ 100.8565, 6.1641 ], [ 100.8483, 6.1531 ], [ 100.8053, 6.1612 ], [ 100.8059, 6.1202 ], [ 100.7879, 6.0936 ], [ 100.7849, 6.0615 ], [ 100.7544, 6.0498 ], [ 100.7484, 6.0301 ], [ 100.7363, 6.038 ], [ 100.7267, 6.0023 ], [ 100.737, 5.996 ], [ 100.7349, 5.9854 ], [ 100.7166, 5.9756 ], [ 100.7178, 5.9592 ], [ 100.7017, 5.9598 ], [ 100.683, 5.9778 ], [ 100.6113, 5.8922 ], [ 100.6161, 5.8733 ], [ 100.6023, 5.8297 ], [ 100.6284, 5.8245 ], [ 100.6325, 5.7879 ], [ 100.6507, 5.7871 ], [ 100.6499, 5.7719 ], [ 100.6704, 5.7457 ], [ 100.6771, 5.6979 ], [ 100.6968, 5.6861 ], [ 100.7068, 5.6976 ], [ 100.7176, 5.6935 ], [ 100.7165, 5.7039 ], [ 100.7411, 5.7187 ], [ 100.7816, 5.7127 ], [ 100.8006, 5.7212 ], [ 100.8348, 5.7194 ], [ 100.8459, 5.7127 ], [ 100.8537, 5.7227 ], [ 100.8701, 5.6983 ], [ 100.8705, 5.7168 ], [ 100.8842, 5.7187 ], [ 100.8883, 5.7331 ], [ 100.8593, 5.7612 ], [ 100.8805, 5.7916 ], [ 100.8761, 5.83 ], [ 100.8972, 5.9064 ], [ 100.8699, 5.9879 ], [ 100.9582, 6.0387 ], [ 100.9814, 6.033 ], [ 100.9977, 6.0468 ], [ 101.0947, 6.0509 ] ] ] } },
{ "type": "Feature", "properties": { "id": "kdh-yan", "slug": "yan", "name": "Yan", "state": "Kedah", "division": null, "area_km2": 243.31230628198279, "lon": 100.41258, "lat": 5.8471 }, "geometry": { "type": "MultiPolygon", "coordinates": [ [ [ [ 100.2894, 5.746 ], [ 100.2837, 5.7517 ], [ 100.2844, 5.7537 ], [ 100.2894, 5.746 ] ] ], [ [ [ 100.2923, 5.8144 ], [ 100.2957, 5.8094 ], [ 100.2915, 5.8105 ], [ 100.2923, 5.8144 ] ] ], [ [ [ 100.4491, 5.8987 ], [ 100.47, 5.8502 ], [ 100.4405, 5.8252 ], [ 100.4383, 5.7953 ], [ 100.4026, 5.7538 ], [ 100.3903, 5.7205 ], [ 100.3539, 5.7183 ], [ 100.3678, 5.8145 ], [ 100.3538, 5.8775 ], [ 100.3503, 5.9735 ], [ 100.387, 5.979 ], [ 100.3896, 5.97 ], [ 100.4239, 5.9671 ], [ 100.4531, 5.924 ], [ 100.4491, 5.8987 ] ] ], [ [ [ 100.3337, 5.8794 ], [ 100.3279, 5.8745 ], [ 100.3175, 5.8747 ], [ 100.3263, 5.8813 ], [ 100.3337, 5.8794 ] ] ] ] } },
{ "type": "Feature", "properties": { "id": "ktn-bachok", "slug": "bachok", "name": "Bachok", "state": "Kelantan", "division": null, "area_km2": 277.21057593614393, "lon": 102.37142, "lat": 6.02813 }, "geometry": { "type": "Polygon", "coordinates": [ [ [ 102.2799, 5.9377 ], [ 102.345, 5.9428 ], [ 102.3642, 5.9146 ], [ 102.4026, 5.8853 ], [ 102.4696, 5.9177 ], [ 102.3703, 6.1341 ], [ 102.3428, 6.1678 ], [ 102.3291, 6.1489 ], [ 102.3347, 6.1137 ], [ 102.3064, 6.1123 ], [ 102.3049, 6.1015 ], [ 102.3432, 6.0712 ], [ 102.3436, 6.0572 ], [ 102.3165, 6.042 ], [ 102.3395, 6.0124 ], [ 102.3317, 5.9799 ], [ 102.2986, 5.9654 ], [ 102.2968, 5.9543 ], [ 102.2823, 5.9547 ], [ 102.2799, 5.9377 ] ] ] } },
{ "type": "Feature", "properties": { "id": "ktn-gua-musang", "slug": "gua-musang", "name": "Gua Musang", "state": "Kelantan", "division": null, "area_km2": 6414.6733313953, "lon": 101.97672, "lat": 5.00605 }, "geometry": { "type": "Polygon", "coordinates": [ [ [ 101.7429, 5.3999 ], [ 101.7392, 5.3894 ], [ 101.7526, 5.3744 ], [ 101.6974, 5.3321 ], [ 101.6706, 5.3269 ], [ 101.6549, 5.3425 ], [ 101.6108, 5.3472 ], [ 101.5776, 5.3269 ], [ 101.5718, 5.2916 ], [ 101.5486, 5.2812 ], [ 101.5451, 5.2638 ], [ 101.5248, 5.2708 ], [ 101.5114, 5.2002 ], [ 101.4841, 5.1701 ], [ 101.4864, 5.1307 ], [ 101.4778, 5.1129 ], [ 101.4838, 5.0892 ], [ 101.4629, 5.0707 ], [ 101.4518, 5.0036 ], [ 101.4322, 4.9916 ], [ 101.5538, 4.9316 ], [ 101.7897, 4.9264 ], [ 101.7677, 4.9779 ], [ 101.7903, 4.9849 ], [ 101.806, 4.9634 ], [ 101.8113, 4.9808 ], [ 101.82, 4.9611 ], [ 101.8095, 4.9148 ], [ 101.8351, 4.8795 ], [ 101.8397, 4.8025 ], [ 101.8362, 4.7828 ], [ 101.8185, 4.7627 ], [ 101.8207, 4.728 ], [ 101.8234, 4.7171 ], [ 101.8452, 4.7189 ], [ 101.8497, 4.6872 ], [ 101.867, 4.6909 ], [ 101.8924, 4.6646 ], [ 101.896, 4.6166 ], [ 101.9124, 4.613 ], [ 101.9278, 4.6547 ], [ 101.9405, 4.6646 ], [ 101.9541, 4.7207 ], [ 101.9505, 4.7596 ], [ 101.9623, 4.766 ], [ 101.9814, 4.7451 ], [ 101.9959, 4.7651 ], [ 102.0032, 4.7623 ], [ 102.0141, 4.7397 ], [ 102.0286, 4.7424 ], [ 102.0395, 4.7289 ], [ 102.0486, 4.7289 ], [ 102.0567, 4.7442 ], [ 102.1185, 4.756 ], [ 102.1385, 4.7044 ], [ 102.1584, 4.6945 ], [ 102.1748, 4.6791 ], [ 102.1748, 4.6646 ], [ 102.2165, 4.632 ], [ 102.2356, 4.6393 ], [ 102.232, 4.6538 ], [ 102.2683, 4.6628 ], [ 102.3128, 4.6366 ], [ 102.34, 4.642 ], [ 102.3691, 4.6836 ], [ 102.3636, 4.7062 ], [ 102.3795, 4.714 ], [ 102.4642, 4.7073 ], [ 102.5123, 4.6689 ], [ 102.5292, 4.6784 ], [ 102.5474, 4.7105 ], [ 102.5723, 4.6916 ], [ 102.6032, 4.6886 ], [ 102.5943, 4.7394 ], [ 102.604, 4.7606 ], [ 102.5987, 4.7706 ], [ 102.611, 4.7817 ], [ 102.6584, 4.7618 ], [ 102.6642, 4.772 ], [ 102.6557, 4.808 ], [ 102.6441, 4.8158 ], [ 102.6527, 4.8443 ], [ 102.5895, 4.8743 ], [ 102.5694, 4.894 ], [ 102.5404, 4.9051 ], [ 102.5266, 4.8954 ], [ 102.5061, 4.9029 ], [ 102.5208, 4.9611 ], [ 102.4999, 4.9918 ], [ 102.5167, 5.0289 ], [ 102.5144, 5.0537 ], [ 102.5004, 5.0752 ], [ 102.5283, 5.1064 ], [ 102.4865, 5.1377 ], [ 102.4766, 5.1568 ], [ 102.4371, 5.1793 ], [ 102.4115, 5.1817 ], [ 102.4232, 5.2094 ], [ 102.415, 5.2343 ], [ 102.4168, 5.2986 ], [ 102.3511, 5.2951 ], [ 102.2924, 5.2557 ], [ 102.1303, 5.2557 ], [ 102.1378, 5.177 ], [ 102.0129, 5.1857 ], [ 101.8909, 5.2644 ], [ 101.8205, 5.2893 ], [ 101.7875, 5.3581 ], [ 101.7429, 5.3999 ] ] ] } },
{ "type": "Feature", "properties": { "id": "ktn-jeli", "slug": "jeli", "name": "Jeli", "state": "Kelantan", "division": null, "area_km2": 1330.8011773709193, "lon": 101.82394, "lat": 5.57969 }, "geometry": { "type": "Polygon", "coordinates": [ [ [ 101.8817, 5.8106 ], [ 101.862, 5.8015 ], [ 101.8639, 5.7912 ], [ 101.8363, 5.7871 ], [ 101.817, 5.7327 ], [ 101.7891, 5.7534 ], [ 101.7638, 5.7912 ], [ 101.7549, 5.7956 ], [ 101.7229, 5.7812 ], [ 101.7169, 5.7867 ], [ 101.7095, 5.7564 ], [ 101.6894, 5.7568 ], [ 101.6946, 5.7039 ], [ 101.6573, 5.6589 ], [ 101.6596, 5.6086 ], [ 101.684, 5.5832 ], [ 101.6561, 5.5236 ], [ 101.6642, 5.5086 ], [ 101.6904, 5.4999 ], [ 101.7177, 5.5115 ], [ 101.7258, 5.5005 ], [ 101.7467, 5.5028 ], [ 101.7473, 5.4744 ], [ 101.7363, 5.4617 ], [ 101.7427, 5.3981 ], [ 101.7874, 5.3582 ], [ 101.9042, 5.3495 ], [ 101.9769, 5.4218 ], [ 101.9722, 5.4571 ], [ 101.9914, 5.4588 ], [ 101.9957, 5.5301 ], [ 101.9814, 5.5421 ], [ 101.9698, 5.5391 ], [ 101.9723, 5.5663 ], [ 101.9478, 5.6105 ], [ 101.9723, 5.6539 ], [ 101.9561, 5.7009 ], [ 101.971, 5.7157 ], [ 101.9345, 5.7187 ], [ 101.8884, 5.783 ], [ 101.8925, 5.793 ], [ 101.8817, 5.8106 ] ] ] } },
{ "type": "Feature", "properties": { "id": "ktn-kecil-lojing", "slug": "kecil-lojing", "name": "Kecil Lojing", "state": "Kelantan", "division": null, "area_km2": 1755.4127964005804, "lon": 101.60909, "lat": 4.76899 }, "geometry": { "type": "Polygon", "coordinates": [ [ [ 101.4228, 4.9849 ], [ 101.4466, 4.9551 ], [ 101.4533, 4.9262 ], [ 101.4529, 4.8951 ], [ 101.4354, 4.8762 ], [ 101.4458, 4.861 ], [ 101.4027, 4.8447 ], [ 101.415, 4.8132 ], [ 101.3974, 4.7647 ], [ 101.3752, 4.7595 ], [ 101.3871, 4.7201 ], [ 101.3795, 4.7085 ], [ 101.3419, 4.7116 ], [ 101.3336, 4.6952 ], [ 101.3651, 4.6364 ], [ 101.3763, 4.633 ], [ 101.3714, 4.616 ], [ 101.4019, 4.6171 ], [ 101.4287, 4.6049 ], [ 101.4551, 4.5756 ], [ 101.4756, 4.5756 ], [ 101.4823, 4.6023 ], [ 101.4919, 4.6012 ], [ 101.5001, 4.6134 ], [ 101.5198, 4.6123 ], [ 101.5511, 4.5771 ], [ 101.5686, 4.5789 ], [ 101.589, 4.5552 ], [ 101.6091, 4.5622 ], [ 101.6214, 4.5463 ], [ 101.6634, 4.5663 ], [ 101.6746, 4.596 ], [ 101.7223, 4.6102 ], [ 101.7311, 4.6218 ], [ 101.7526, 4.6114 ], [ 101.7741, 4.6618 ], [ 101.7805, 4.7602 ], [ 101.8171, 4.759 ], [ 101.8362, 4.7828 ], [ 101.8351, 4.8795 ], [ 101.8095, 4.9148 ], [ 101.8176, 4.9756 ], [ 101.8113, 4.9808 ], [ 101.806, 4.9634 ], [ 101.7903, 4.9849 ], [ 101.7677, 4.9779 ], [ 101.7897, 4.9264 ], [ 101.5538, 4.9316 ], [ 101.4322, 4.9916 ], [ 101.4228, 4.9849 ] ] ] } },
{ "type": "Feature", "properties": { "id": "ktn-kota-bharu", "slug": "kota-bharu", "name": "Kota Bharu", "state": "Kelantan", "division": null, "area_km2": 393.30837046386176, "lon": 102.2655, "lat": 6.05013 }, "geometry": { "type": "Polygon", "coordinates": [ [ [ 102.2459, 6.1734 ], [ 102.222, 6.0686 ], [ 102.2042, 6.049 ], [ 102.148, 6.0438 ], [ 102.1458, 6.0313 ], [ 102.1774, 6.0131 ], [ 102.2101, 5.9677 ], [ 102.1975, 5.9133 ], [ 102.225, 5.8955 ], [ 102.2637, 5.8907 ], [ 102.2823, 5.9547 ], [ 102.2968, 5.9543 ], [ 102.2986, 5.9654 ], [ 102.3317, 5.9799 ], [ 102.3395, 6.0124 ], [ 102.3165, 6.042 ], [ 102.3436, 6.0572 ], [ 102.3432, 6.0712 ], [ 102.3049, 6.1015 ], [ 102.3064, 6.1123 ], [ 102.3347, 6.1137 ], [ 102.3291, 6.1489 ], [ 102.3425, 6.1688 ], [ 102.2326, 6.2098 ], [ 102.2459, 6.1734 ] ] ] } },
{ "type": "Feature", "properties": { "id": "ktn-kuala-krai", "slug": "kuala-krai", "name": "Kuala Krai", "state": "Kelantan", "division": null, "area_km2": 2267.876168213701, "lon": 102.18312, "lat": 5.42902 }, "geometry": { "type": "Polygon", "coordinates": [ [ [ 102.1138, 5.6434 ], [ 102.0933, 5.6213 ], [ 102.0944, 5.5958 ], [ 102.0465, 5.5758 ], [ 102.0323, 5.5506 ], [ 102.0305, 5.5203 ], [ 102.0175, 5.514 ], [ 101.9957, 5.5301 ], [ 101.9914, 5.4588 ], [ 101.9722, 5.4571 ], [ 101.9769, 5.4218 ], [ 101.9042, 5.3495 ], [ 101.7875, 5.3581 ], [ 101.8205, 5.2893 ], [ 101.8909, 5.2644 ], [ 102.0129, 5.1857 ], [ 102.0809, 5.1759 ], [ 102.1378, 5.177 ], [ 102.1303, 5.2557 ], [ 102.2924, 5.2557 ], [ 102.3511, 5.2951 ], [ 102.4168, 5.2986 ], [ 102.4261, 5.3466 ], [ 102.4415, 5.3632 ], [ 102.3819, 5.4201 ], [ 102.4005, 5.4484 ], [ 102.3825, 5.5219 ], [ 102.3976, 5.5311 ], [ 102.4051, 5.5502 ], [ 102.3964, 5.5809 ], [ 102.4005, 5.6161 ], [ 102.3789, 5.6867 ], [ 102.3546, 5.6705 ], [ 102.3098, 5.6705 ], [ 102.2779, 5.6566 ], [ 102.243, 5.6636 ], [ 102.2389, 5.6722 ], [ 102.2192, 5.6647 ], [ 102.2006, 5.6717 ], [ 102.1878, 5.6375 ], [ 102.1739, 5.6329 ], [ 102.157, 5.6508 ], [ 102.1245, 5.6306 ], [ 102.1138, 5.6434 ] ] ] } },
{ "type": "Feature", "properties": { "id": "ktn-machang", "slug": "machang", "name": "Machang", "state": "Kelantan", "division": null, "area_km2": 523.69991891159464, "lon": 102.23033, "lat": 5.77298 }, "geometry": { "type": "Polygon", "coordinates": [ [ [ 102.1967, 5.9155 ], [ 102.1626, 5.822 ], [ 102.1704, 5.7989 ], [ 102.1535, 5.7861 ], [ 102.146, 5.7601 ], [ 102.1436, 5.6902 ], [ 102.107, 5.6855 ], [ 102.1152, 5.6393 ], [ 102.1245, 5.6306 ], [ 102.157, 5.6508 ], [ 102.1686, 5.6335 ], [ 102.1878, 5.6375 ], [ 102.2006, 5.6717 ], [ 102.2192, 5.6647 ], [ 102.2389, 5.6722 ], [ 102.243, 5.6636 ], [ 102.2779, 5.6566 ], [ 102.3098, 5.6705 ], [ 102.3546, 5.6705 ], [ 102.3976, 5.7006 ], [ 102.4316, 5.7473 ], [ 102.4052, 5.7422 ], [ 102.4066, 5.755 ], [ 102.3949, 5.7488 ], [ 102.399, 5.7737 ], [ 102.3847, 5.7749 ], [ 102.373, 5.7675 ], [ 102.3768, 5.7446 ], [ 102.3133, 5.7571 ], [ 102.3009, 5.7843 ], [ 102.3031, 5.8087 ], [ 102.2909, 5.8049 ], [ 102.2776, 5.8166 ], [ 102.2797, 5.8784 ], [ 102.2637, 5.8907 ], [ 102.225, 5.8955 ], [ 102.1967, 5.9155 ] ] ] } },
{ "type": "Feature", "properties": { "id": "ktn-pasir-mas", "slug": "pasir-mas", "name": "Pasir Mas", "state": "Kelantan", "division": null, "area_km2": 575.92323812169855, "lon": 102.0657, "lat": 6.02332 }, "geometry": { "type": "Polygon", "coordinates": [ [ [ 102.0928, 6.1551 ], [ 102.058, 6.0856 ], [ 102.0007, 6.0483 ], [ 101.9721, 6.018 ], [ 101.9721, 6.0032 ], [ 101.9472, 5.9873 ], [ 101.9446, 5.9543 ], [ 101.9301, 5.9484 ], [ 101.9241, 5.9096 ], [ 101.936, 5.9055 ], [ 101.9561, 5.921 ], [ 102.0042, 5.9197 ], [ 102.035, 5.8954 ], [ 102.0745, 5.8908 ], [ 102.1158, 5.9058 ], [ 102.1343, 5.8977 ], [ 102.1466, 5.907 ], [ 102.1721, 5.8873 ], [ 102.1913, 5.9023 ], [ 102.2101, 5.9677 ], [ 102.1774, 6.0131 ], [ 102.1446, 6.0372 ], [ 102.1547, 6.0457 ], [ 102.2042, 6.049 ], [ 102.222, 6.0686 ], [ 102.2204, 6.0886 ], [ 102.189, 6.0965 ], [ 102.1843, 6.1121 ], [ 102.1396, 6.1208 ], [ 102.1239, 6.1508 ], [ 102.0928, 6.1551 ] ] ] } },
{ "type": "Feature", "properties": { "id": "ktn-pasir-puteh", "slug": "pasir-puteh", "name": "Pasir Puteh", "state": "Kelantan", "division": null, "area_km2": 423.94269443925231, "lon": 102.40223, "lat": 5.83976 }, "geometry": { "type": "Polygon", "coordinates": [ [ [ 102.2637, 5.8907 ], [ 102.2797, 5.8784 ], [ 102.2776, 5.8166 ], [ 102.2909, 5.8049 ], [ 102.3031, 5.8087 ], [ 102.3009, 5.7843 ], [ 102.3133, 5.7571 ], [ 102.354, 5.7465 ], [ 102.3642, 5.7517 ], [ 102.3768, 5.7446 ], [ 102.373, 5.7675 ], [ 102.3847, 5.7749 ], [ 102.399, 5.7737 ], [ 102.3949, 5.7488 ], [ 102.4066, 5.755 ], [ 102.4052, 5.7422 ], [ 102.4327, 5.7475 ], [ 102.4877, 5.791 ], [ 102.5342, 5.8463 ], [ 102.4696, 5.9177 ], [ 102.4026, 5.8853 ], [ 102.3642, 5.9146 ], [ 102.3447, 5.9429 ], [ 102.3285, 5.936 ], [ 102.2826, 5.9398 ], [ 102.2718, 5.9303 ], [ 102.2637, 5.8907 ] ] ] } },
{ "type": "Feature", "properties": { "id": "ktn-tanah-merah", "slug": "tanah-merah", "name": "Tanah Merah", "state": "Kelantan", "division": null, "area_km2": 869.59431027233393, "lon": 102.05708, "lat": 5.71699 }, "geometry": { "type": "Polygon", "coordinates": [ [ [ 101.9334, 5.9066 ], [ 101.9405, 5.867 ], [ 101.9163, 5.8422 ], [ 101.8843, 5.8371 ], [ 101.8791, 5.8167 ], [ 101.8925, 5.793 ], [ 101.8884, 5.783 ], [ 101.9345, 5.7187 ], [ 101.971, 5.7157 ], [ 101.9561, 5.7009 ], [ 101.9723, 5.6539 ], [ 101.9478, 5.6105 ], [ 101.9723, 5.5663 ], [ 101.9698, 5.5391 ], [ 101.9814, 5.5421 ], [ 102.0175, 5.514 ], [ 102.0305, 5.5203 ], [ 102.0323, 5.5506 ], [ 102.0465, 5.5758 ], [ 102.0599, 5.5854 ], [ 102.0732, 5.5817 ], [ 102.097, 5.6002 ], [ 102.0933, 5.6213 ], [ 102.1138, 5.6434 ], [ 102.1047, 5.6769 ], [ 102.1111, 5.6919 ], [ 102.1436, 5.6902 ], [ 102.146, 5.7601 ], [ 102.1535, 5.7861 ], [ 102.1704, 5.7989 ], [ 102.1626, 5.822 ], [ 102.1823, 5.8905 ], [ 102.1721, 5.8873 ], [ 102.1466, 5.907 ], [ 102.1343, 5.8977 ], [ 102.1158, 5.9058 ], [ 102.1053, 5.896 ], [ 102.0466, 5.8931 ], [ 102.0042, 5.9197 ], [ 101.9561, 5.921 ], [ 101.9334, 5.9066 ] ] ] } },
{ "type": "Feature", "properties": { "id": "ktn-tumpat", "slug": "tumpat", "name": "Tumpat", "state": "Kelantan", "division": null, "area_km2": 186.65750623325968, "lon": 102.16366, "lat": 6.16615 }, "geometry": { "type": "Polygon", "coordinates": [ [ [ 102.2326, 6.2098 ], [ 102.2151, 6.219 ], [ 102.1518, 6.2132 ], [ 102.0995, 6.2462 ], [ 102.0774, 6.1999 ], [ 102.0797, 6.1716 ], [ 102.0948, 6.1537 ], [ 102.1239, 6.1508 ], [ 102.1396, 6.1208 ], [ 102.1843, 6.1121 ], [ 102.189, 6.0965 ], [ 102.2204, 6.0879 ], [ 102.2459, 6.1734 ], [ 102.2326, 6.2098 ] ] ] } },
{ "type": "Feature", "properties": { "id": "kul-kuala-lumpur", "slug": "kuala-lumpur", "name": "Kuala Lumpur", "state": "W.P. Kuala Lumpur", "division": null, "area_km2": 241.41984848119051, "lon": 101.68195, "lat": 3.14081 }, "geometry": { "type": "Polygon", "coordinates": [ [ [ 101.7144, 3.0541 ], [ 101.7308, 3.0398 ], [ 101.7306, 3.0548 ], [ 101.7494, 3.0548 ], [ 101.7432, 3.0826 ], [ 101.7546, 3.112 ], [ 101.7387, 3.1135 ], [ 101.7358, 3.1394 ], [ 101.7499, 3.1558 ], [ 101.7325, 3.1765 ], [ 101.7499, 3.1757 ], [ 101.7568, 3.1931 ], [ 101.7385, 3.2347 ], [ 101.7178, 3.2259 ], [ 101.7128, 3.2135 ], [ 101.6947, 3.2283 ], [ 101.6725, 3.2278 ], [ 101.6642, 3.2444 ], [ 101.6375, 3.229 ], [ 101.6192, 3.1981 ], [ 101.6149, 3.1536 ], [ 101.6292, 3.1306 ], [ 101.6485, 3.1275 ], [ 101.644, 3.1211 ], [ 101.6575, 3.1128 ], [ 101.6628, 3.088 ], [ 101.648, 3.0724 ], [ 101.659, 3.0576 ], [ 101.654, 3.0462 ], [ 101.6797, 3.0419 ], [ 101.7144, 3.0541 ] ] ] } },
{ "type": "Feature", "properties": { "id": "lbn-labuan", "slug": "labuan", "name": "Labuan", "state": "W.P. Labuan", "division": null, "area_km2": 98.519345401240642, "lon": 115.21921, "lat": 5.31563 }, "geometry": { "type": "MultiPolygon", "coordinates": [ [ [ [ 115.1211, 5.2312 ], [ 115.1392, 5.2267 ], [ 115.1407, 5.2185 ], [ 115.1316, 5.2169 ], [ 115.1211, 5.2312 ] ] ], [ [ [ 115.3282, 5.2789 ], [ 115.3267, 5.2633 ], [ 115.3073, 5.27 ], [ 115.314, 5.2822 ], [ 115.3282, 5.2789 ] ] ], [ [ [ 115.2553, 5.2719 ], [ 115.2419, 5.2777 ], [ 115.2401, 5.2407 ], [ 115.2152, 5.2789 ], [ 115.203, 5.2789 ], [ 115.1669, 5.2482 ], [ 115.1565, 5.2546 ], [ 115.1966, 5.3437 ], [ 115.2303, 5.3842 ], [ 115.25, 5.394 ], [ 115.2564, 5.3801 ], [ 115.2454, 5.3715 ], [ 115.2454, 5.3529 ], [ 115.2704, 5.2899 ], [ 115.2553, 5.2719 ] ] ] ] } },
{ "type": "Feature", "properties": { "id": "mlk-alor-gajah", "slug": "alor-gajah", "name": "Alor Gajah", "state": "Melaka", "division": null, "area_km2": 662.95150985336875, "lon": 102.15901, "lat": 2.38593 }, "geometry": { "type": "Polygon", "coordinates": [ [ [ 102.0312, 2.4405 ], [ 102.0148, 2.4119 ], [ 101.9682, 2.3871 ], [ 101.9757, 2.3726 ], [ 102.0135, 2.3679 ], [ 102.0495, 2.3465 ], [ 102.0681, 2.3267 ], [ 102.0797, 2.2948 ], [ 102.0911, 2.29 ], [ 102.1461, 2.2915 ], [ 102.1461, 2.3045 ], [ 102.2038, 2.3164 ], [ 102.2373, 2.2978 ], [ 102.2402, 2.3368 ], [ 102.2566, 2.3305 ], [ 102.2599, 2.2963 ], [ 102.2432, 2.2777 ], [ 102.2573, 2.271 ], [ 102.2715, 2.2859 ], [ 102.3053, 2.2937 ], [ 102.3113, 2.3052 ], [ 102.3406, 2.3041 ], [ 102.3581, 2.3708 ], [ 102.3377, 2.433 ], [ 102.365, 2.4544 ], [ 102.3678, 2.4894 ], [ 102.3165, 2.4806 ], [ 102.2752, 2.4583 ], [ 102.2309, 2.4661 ], [ 102.1771, 2.4999 ], [ 102.1414, 2.4573 ], [ 102.1214, 2.4635 ], [ 102.0888, 2.4461 ], [ 102.066, 2.4575 ], [ 102.0488, 2.4207 ], [ 102.0374, 2.424 ], [ 102.0312, 2.4405 ] ] ] } },
{ "type": "Feature", "properties": { "id": "mlk-jasin", "slug": "jasin", "name": "Jasin", "state": "Melaka", "division": null, "area_km2": 685.88171496967016, "lon": 102.41674, "lat": 2.28578 }, "geometry": { "type": "Polygon", "coordinates": [ [ [ 102.3678, 2.4894 ], [ 102.365, 2.4544 ], [ 102.3377, 2.433 ], [ 102.3581, 2.3708 ], [ 102.3128, 2.2288 ], [ 102.3937, 2.2421 ], [ 102.398, 2.2069 ], [ 102.374, 2.1767 ], [ 102.3433, 2.1807 ], [ 102.3359, 2.1559 ], [ 102.3763, 2.132 ], [ 102.405, 2.1328 ], [ 102.4887, 2.1002 ], [ 102.493, 2.1104 ], [ 102.4825, 2.1135 ], [ 102.4905, 2.1209 ], [ 102.5025, 2.1191 ], [ 102.5042, 2.1274 ], [ 102.5154, 2.1141 ], [ 102.5304, 2.1201 ], [ 102.5394, 2.1379 ], [ 102.5294, 2.1667 ], [ 102.4761, 2.1824 ], [ 102.4696, 2.2024 ], [ 102.4964, 2.2251 ], [ 102.49, 2.2431 ], [ 102.5144, 2.3238 ], [ 102.5092, 2.3441 ], [ 102.5342, 2.3749 ], [ 102.5342, 2.3871 ], [ 102.5939, 2.4108 ], [ 102.431, 2.4576 ], [ 102.4344, 2.4676 ], [ 102.3678, 2.4894 ] ] ] } },
{ "type": "Feature", "properties": { "id": "mlk-melaka-tengah", "slug": "melaka-tengah", "name": "Melaka Tengah", "state": "Melaka", "division": null, "area_km2": 316.11173203007985, "lon": 102.22937, "lat": 2.24565 }, "geometry": { "type": "Polygon", "coordinates": [ [ [ 102.0911, 2.29 ], [ 102.1004, 2.2736 ], [ 102.116, 2.2729 ], [ 102.1391, 2.2495 ], [ 102.1539, 2.2168 ], [ 102.1919, 2.216 ], [ 102.1811, 2.1971 ], [ 102.2019, 2.2045 ], [ 102.2235, 2.1963 ], [ 102.2246, 2.1867 ], [ 102.3228, 2.1577 ], [ 102.3368, 2.1557 ], [ 102.3492, 2.1843 ], [ 102.374, 2.1767 ], [ 102.398, 2.2069 ], [ 102.3956, 2.2395 ], [ 102.3859, 2.2464 ], [ 102.3761, 2.2357 ], [ 102.3128, 2.2288 ], [ 102.339, 2.3023 ], [ 102.3113, 2.3052 ], [ 102.3053, 2.2937 ], [ 102.2715, 2.2859 ], [ 102.2573, 2.271 ], [ 102.2432, 2.2777 ], [ 102.2614, 2.3023 ], [ 102.2566, 2.3305 ], [ 102.2402, 2.3368 ], [ 102.2373, 2.2978 ], [ 102.2038, 2.3164 ], [ 102.1461, 2.3045 ], [ 102.1461, 2.2915 ], [ 102.0911, 2.29 ] ] ] } },
{ "type": "Feature", "properties": { "id": "nsn-jelebu", "slug": "jelebu", "name": "Jelebu", "state": "Negeri Sembilan", "division": null, "area_km2": 1357.8662420245387, "lon": 102.14368, "lat": 3.06364 }, "geometry": { "type": "Polygon", "coordinates": [ [ [ 101.9147, 3.2606 ], [ 101.9274, 3.2603 ], [ 101.9457, 3.2246 ], [ 101.9423, 3.1842 ], [ 101.9565, 3.1459 ], [ 101.9672, 3.14 ], [ 101.9501, 3.1103 ], [ 101.968, 3.0278 ], [ 101.9397, 3.0167 ], [ 101.924, 2.9676 ], [ 101.9769, 2.9386 ], [ 101.9867, 2.9211 ], [ 101.985, 2.8794 ], [ 102.0024, 2.848 ], [ 102.0239, 2.8457 ], [ 102.0303, 2.8347 ], [ 102.0664, 2.8422 ], [ 102.0728, 2.8347 ], [ 102.1338, 2.8979 ], [ 102.1681, 2.9055 ], [ 102.1872, 2.8956 ], [ 102.2058, 2.9119 ], [ 102.2395, 2.9061 ], [ 102.2389, 2.924 ], [ 102.2703, 2.9525 ], [ 102.3528, 2.9618 ], [ 102.3406, 2.9769 ], [ 102.3453, 3.0302 ], [ 102.3133, 3.0918 ], [ 102.318, 3.1034 ], [ 102.2959, 3.1242 ], [ 102.2929, 3.1395 ], [ 102.1593, 3.1788 ], [ 102.1419, 3.1997 ], [ 102.1268, 3.1939 ], [ 102.1152, 3.2003 ], [ 102.1146, 3.1904 ], [ 102.0989, 3.1939 ], [ 102.0774, 3.1805 ], [ 102.0751, 3.1672 ], [ 102.0588, 3.1695 ], [ 102.042, 3.2281 ], [ 101.9769, 3.2415 ], [ 101.9745, 3.2722 ], [ 101.9501, 3.2745 ], [ 101.935, 3.2908 ], [ 101.9147, 3.2606 ] ] ] } },
{ "type": "Feature", "properties": { "id": "nsn-jempol", "slug": "jempol", "name": "Jempol", "state": "Negeri Sembilan", "division": null, "area_km2": 1483.7385565422453, "lon": 102.48765, "lat": 2.86884 }, "geometry": { "type": "Polygon", "coordinates": [ [ [ 102.2929, 3.1395 ], [ 102.2959, 3.1242 ], [ 102.318, 3.1034 ], [ 102.3133, 3.0918 ], [ 102.3453, 3.0302 ], [ 102.3406, 2.9769 ], [ 102.3528, 2.9618 ], [ 102.2703, 2.9525 ], [ 102.2389, 2.924 ], [ 102.2395, 2.9061 ], [ 102.2778, 2.8707 ], [ 102.3012, 2.8618 ], [ 102.296, 2.8324 ], [ 102.3113, 2.828 ], [ 102.3485, 2.7715 ], [ 102.3652, 2.7704 ], [ 102.3682, 2.7808 ], [ 102.3942, 2.7778 ], [ 102.4001, 2.7385 ], [ 102.3633, 2.7052 ], [ 102.3517, 2.657 ], [ 102.3343, 2.6452 ], [ 102.3496, 2.6452 ], [ 102.3485, 2.5988 ], [ 102.4284, 2.6894 ], [ 102.5515, 2.6853 ], [ 102.5668, 2.6601 ], [ 102.6318, 2.6501 ], [ 102.7013, 2.8321 ], [ 102.686, 2.8889 ], [ 102.6787, 2.898 ], [ 102.6696, 2.8871 ], [ 102.469, 3.0168 ], [ 102.3918, 3.1192 ], [ 102.2929, 3.1395 ] ] ] } },
{ "type": "Feature", "properties": { "id": "nsn-kuala-pilah", "slug": "kuala-pilah", "name": "Kuala Pilah", "state": "Negeri Sembilan", "division": null, "area_km2": 1034.6168197684401, "lon": 102.21955, "lat": 2.72206 }, "geometry": { "type": "Polygon", "coordinates": [ [ [ 102.0669, 2.8341 ], [ 102.052, 2.7994 ], [ 102.0576, 2.7455 ], [ 102.0502, 2.6939 ], [ 102.0639, 2.682 ], [ 102.0918, 2.708 ], [ 102.1205, 2.7035 ], [ 102.1179, 2.6396 ], [ 102.1461, 2.6155 ], [ 102.1644, 2.6155 ], [ 102.1833, 2.569 ], [ 102.2068, 2.5427 ], [ 102.3254, 2.5401 ], [ 102.3228, 2.5716 ], [ 102.3485, 2.5988 ], [ 102.3496, 2.6452 ], [ 102.3343, 2.6452 ], [ 102.3517, 2.657 ], [ 102.3633, 2.7052 ], [ 102.4001, 2.7385 ], [ 102.3942, 2.7778 ], [ 102.3682, 2.7808 ], [ 102.3652, 2.7704 ], [ 102.3485, 2.7715 ], [ 102.3113, 2.828 ], [ 102.296, 2.8324 ], [ 102.3012, 2.8618 ], [ 102.2778, 2.8707 ], [ 102.2395, 2.9061 ], [ 102.2111, 2.9113 ], [ 102.1872, 2.8956 ], [ 102.1681, 2.9055 ], [ 102.1338, 2.8979 ], [ 102.0925, 2.8608 ], [ 102.0913, 2.848 ], [ 102.0669, 2.8341 ] ] ] } },
{ "type": "Feature", "properties": { "id": "nsn-port-dickson", "slug": "port-dickson", "name": "Port Dickson", "state": "Negeri Sembilan", "division": null, "area_km2": 574.5264549213739, "lon": 101.86503, "lat": 2.55846 }, "geometry": { "type": "Polygon", "coordinates": [ [ [ 102.0115, 2.5709 ], [ 101.9652, 2.5711 ], [ 101.9763, 2.563 ], [ 101.9705, 2.5438 ], [ 101.9344, 2.5438 ], [ 101.9356, 2.5613 ], [ 101.91, 2.6077 ], [ 101.91, 2.6245 ], [ 101.8723, 2.6286 ], [ 101.8775, 2.6582 ], [ 101.8566, 2.6669 ], [ 101.8438, 2.6478 ], [ 101.8264, 2.6698 ], [ 101.7938, 2.6681 ], [ 101.7839, 2.7145 ], [ 101.7645, 2.7251 ], [ 101.7408, 2.6734 ], [ 101.7474, 2.6549 ], [ 101.7251, 2.6359 ], [ 101.7307, 2.6177 ], [ 101.7028, 2.6077 ], [ 101.7214, 2.5951 ], [ 101.7586, 2.6032 ], [ 101.7939, 2.5746 ], [ 101.7921, 2.5226 ], [ 101.8189, 2.5196 ], [ 101.8441, 2.4851 ], [ 101.8572, 2.4368 ], [ 101.8546, 2.4033 ], [ 101.8646, 2.4182 ], [ 101.9312, 2.4264 ], [ 101.9751, 2.3929 ], [ 102.0148, 2.4119 ], [ 102.0312, 2.4405 ], [ 102.0338, 2.5256 ], [ 102.0305, 2.5438 ], [ 102.0119, 2.5427 ], [ 102.0115, 2.5709 ] ] ] } },
{ "type": "Feature", "properties": { "id": "nsn-rembau", "slug": "rembau", "name": "Rembau", "state": "Negeri Sembilan", "division": null, "area_km2": 401.33560733980408, "lon": 102.10054, "lat": 2.56199 }, "geometry": { "type": "Polygon", "coordinates": [ [ [ 102.0533, 2.6905 ], [ 102.0268, 2.6456 ], [ 102.0312, 2.5705 ], [ 102.0115, 2.5709 ], [ 102.0119, 2.5427 ], [ 102.0305, 2.5438 ], [ 102.0338, 2.5256 ], [ 102.0312, 2.4405 ], [ 102.0374, 2.424 ], [ 102.0488, 2.4207 ], [ 102.0657, 2.443 ], [ 102.0636, 2.4564 ], [ 102.0838, 2.4547 ], [ 102.0888, 2.4461 ], [ 102.1214, 2.4635 ], [ 102.1414, 2.4573 ], [ 102.1771, 2.4999 ], [ 102.2071, 2.4825 ], [ 102.2138, 2.5066 ], [ 102.1997, 2.5155 ], [ 102.2015, 2.5549 ], [ 102.1833, 2.569 ], [ 102.1644, 2.6155 ], [ 102.1461, 2.6155 ], [ 102.1179, 2.6396 ], [ 102.1205, 2.7035 ], [ 102.0918, 2.708 ], [ 102.0639, 2.682 ], [ 102.0533, 2.6905 ] ] ] } },
{ "type": "Feature", "properties": { "id": "nsn-seremban", "slug": "seremban", "name": "Seremban", "state": "Negeri Sembilan", "division": null, "area_km2": 955.73730954603445, "lon": 101.90607, "lat": 2.75926 }, "geometry": { "type": "Polygon", "coordinates": [ [ [ 101.924, 2.9676 ], [ 101.8816, 2.8677 ], [ 101.7508, 2.8712 ], [ 101.7613, 2.7424 ], [ 101.7648, 2.7238 ], [ 101.7839, 2.7145 ], [ 101.7938, 2.6681 ], [ 101.8264, 2.6698 ], [ 101.8438, 2.6478 ], [ 101.8531, 2.6669 ], [ 101.8775, 2.6582 ], [ 101.8723, 2.6286 ], [ 101.91, 2.6245 ], [ 101.91, 2.6077 ], [ 101.9356, 2.5613 ], [ 101.9344, 2.5438 ], [ 101.9705, 2.5438 ], [ 101.9763, 2.563 ], [ 101.9652, 2.5711 ], [ 102.0312, 2.5705 ], [ 102.0268, 2.6456 ], [ 102.0533, 2.6905 ], [ 102.052, 2.7994 ], [ 102.0698, 2.8393 ], [ 102.0303, 2.8347 ], [ 102.0239, 2.8457 ], [ 102.0024, 2.848 ], [ 101.985, 2.8794 ], [ 101.9867, 2.9211 ], [ 101.9769, 2.9386 ], [ 101.924, 2.9676 ] ] ] } },
{ "type": "Feature", "properties": { "id": "nsn-tampin", "slug": "tampin", "name": "Tampin", "state": "Negeri Sembilan", "division": null, "area_km2": 850.81594052845367, "lon": 102.46826, "lat": 2.55053 }, "geometry": { "type": "Polygon", "coordinates": [ [ [ 102.4284, 2.6894 ], [ 102.3228, 2.5716 ], [ 102.3254, 2.5401 ], [ 102.2354, 2.5445 ], [ 102.228, 2.5378 ], [ 102.2033, 2.5458 ], [ 102.1978, 2.5211 ], [ 102.2138, 2.5066 ], [ 102.2028, 2.4805 ], [ 102.2774, 2.4583 ], [ 102.3165, 2.4806 ], [ 102.3652, 2.4903 ], [ 102.4344, 2.4676 ], [ 102.431, 2.4576 ], [ 102.5939, 2.4108 ], [ 102.5961, 2.4537 ], [ 102.6165, 2.4716 ], [ 102.6051, 2.5018 ], [ 102.6191, 2.5225 ], [ 102.6108, 2.531 ], [ 102.6094, 2.5674 ], [ 102.6227, 2.5893 ], [ 102.6344, 2.5881 ], [ 102.6396, 2.6059 ], [ 102.6272, 2.6188 ], [ 102.6318, 2.6501 ], [ 102.5668, 2.6601 ], [ 102.5515, 2.6853 ], [ 102.4284, 2.6894 ] ] ] } },
{ "type": "Feature", "properties": { "id": "phg-bentong", "slug": "bentong", "name": "Bentong", "state": "Pahang", "division": null, "area_km2": 1834.3782477648454, "lon": 101.94118, "lat": 3.42206 }, "geometry": { "type": "Polygon", "coordinates": [ [ [ 101.7574, 3.374 ], [ 101.7834, 3.3552 ], [ 101.7822, 3.3436 ], [ 101.7979, 3.3349 ], [ 101.8107, 3.3099 ], [ 101.8566, 3.2739 ], [ 101.8845, 3.2612 ], [ 101.8996, 3.2676 ], [ 101.9147, 3.2606 ], [ 101.9414, 3.2896 ], [ 101.9501, 3.2745 ], [ 101.9745, 3.2722 ], [ 101.9769, 3.2415 ], [ 102.042, 3.2281 ], [ 102.0588, 3.1695 ], [ 102.0751, 3.1672 ], [ 102.0774, 3.1805 ], [ 102.0989, 3.1939 ], [ 102.1146, 3.1904 ], [ 102.1152, 3.2003 ], [ 102.1268, 3.1939 ], [ 102.1419, 3.1997 ], [ 102.1593, 3.1788 ], [ 102.2854, 3.1411 ], [ 102.3116, 3.1602 ], [ 102.3093, 3.1753 ], [ 102.2947, 3.1724 ], [ 102.2721, 3.1875 ], [ 102.2976, 3.2165 ], [ 102.2878, 3.2293 ], [ 102.2976, 3.2467 ], [ 102.2883, 3.256 ], [ 102.3017, 3.2734 ], [ 102.3029, 3.2937 ], [ 102.3186, 3.2966 ], [ 102.3412, 3.3227 ], [ 102.3273, 3.3256 ], [ 102.3145, 3.3569 ], [ 102.2645, 3.3708 ], [ 102.2279, 3.394 ], [ 102.2023, 3.3766 ], [ 102.1495, 3.3644 ], [ 102.139, 3.3505 ], [ 102.1146, 3.3505 ], [ 102.0972, 3.394 ], [ 102.103, 3.4758 ], [ 102.0861, 3.4944 ], [ 102.0547, 3.5048 ], [ 102.0571, 3.5158 ], [ 102.028, 3.5634 ], [ 102.0216, 3.5524 ], [ 101.9984, 3.5651 ], [ 101.9827, 3.5553 ], [ 101.9711, 3.5611 ], [ 101.9751, 3.5704 ], [ 101.9461, 3.6139 ], [ 101.9368, 3.6591 ], [ 101.8961, 3.6661 ], [ 101.8723, 3.695 ], [ 101.8641, 3.6916 ], [ 101.8821, 3.6516 ], [ 101.8502, 3.6359 ], [ 101.8403, 3.6417 ], [ 101.804, 3.6094 ], [ 101.8122, 3.5941 ], [ 101.8023, 3.5601 ], [ 101.7668, 3.5191 ], [ 101.7611, 3.4893 ], [ 101.7881, 3.427 ], [ 101.7654, 3.4015 ], [ 101.7574, 3.374 ] ] ] } },
{ "type": "Feature", "properties": { "id": "phg-bera", "slug": "bera", "name": "Bera", "state": "Pahang", "division": null, "area_km2": 2208.8597021028036, "lon": 102.51181, "lat": 3.14293 }, "geometry": { "type": "Polygon", "coordinates": [ [ [ 102.3145, 3.3569 ], [ 102.3273, 3.3256 ], [ 102.3412, 3.3227 ], [ 102.3186, 3.2966 ], [ 102.3029, 3.2937 ], [ 102.3017, 3.2734 ], [ 102.2901, 3.2623 ], [ 102.2976, 3.2467 ], [ 102.2878, 3.2293 ], [ 102.2976, 3.2165 ], [ 102.2721, 3.1875 ], [ 102.2947, 3.1724 ], [ 102.3093, 3.1753 ], [ 102.3116, 3.1602 ], [ 102.2854, 3.1411 ], [ 102.3918, 3.1192 ], [ 102.469, 3.0168 ], [ 102.6696, 2.8871 ], [ 102.6787, 2.898 ], [ 102.6941, 2.8735 ], [ 102.6987, 2.8327 ], [ 102.7615, 2.8186 ], [ 102.7624, 2.9862 ], [ 102.7892, 3.046 ], [ 102.7657, 3.0549 ], [ 102.7438, 3.0935 ], [ 102.7538, 3.1099 ], [ 102.7509, 3.1262 ], [ 102.7408, 3.1162 ], [ 102.7278, 3.121 ], [ 102.7375, 3.1515 ], [ 102.7594, 3.1448 ], [ 102.8096, 3.1704 ], [ 102.7747, 3.2046 ], [ 102.7416, 3.2213 ], [ 102.7289, 3.2532 ], [ 102.7036, 3.2684 ], [ 102.6977, 3.2963 ], [ 102.7051, 3.3063 ], [ 102.6945, 3.3169 ], [ 102.6887, 3.3482 ], [ 102.6608, 3.3598 ], [ 102.6335, 3.3929 ], [ 102.5946, 3.3981 ], [ 102.5917, 3.4346 ], [ 102.5719, 3.4549 ], [ 102.5034, 3.4654 ], [ 102.5039, 3.4149 ], [ 102.4819, 3.4178 ], [ 102.4743, 3.365 ], [ 102.3871, 3.3702 ], [ 102.3616, 3.3801 ], [ 102.3255, 3.3749 ], [ 102.3145, 3.3569 ] ] ] } },
{ "type": "Feature", "properties": { "id": "phg-cameron-highlands", "slug": "cameron-highlands", "name": "Cameron Highlands", "state": "Pahang", "division": null, "area_km2": 682.00312849814622, "lon": 101.47472, "lat": 4.46934 }, "geometry": { "type": "Polygon", "coordinates": [ [ [ 101.3744, 4.6148 ], [ 101.3483, 4.5918 ], [ 101.3557, 4.5465 ], [ 101.366, 4.5287 ], [ 101.3824, 4.5225 ], [ 101.3869, 4.5061 ], [ 101.3588, 4.4957 ], [ 101.3676, 4.4857 ], [ 101.3571, 4.461 ], [ 101.3326, 4.444 ], [ 101.3336, 4.4316 ], [ 101.3524, 4.4278 ], [ 101.3483, 4.4155 ], [ 101.3579, 4.3974 ], [ 101.3896, 4.4098 ], [ 101.4079, 4.3942 ], [ 101.4355, 4.3918 ], [ 101.4446, 4.3778 ], [ 101.4224, 4.345 ], [ 101.4574, 4.3234 ], [ 101.516, 4.331 ], [ 101.5492, 4.346 ], [ 101.5585, 4.3599 ], [ 101.5852, 4.3553 ], [ 101.5922, 4.3883 ], [ 101.6084, 4.4103 ], [ 101.6044, 4.4457 ], [ 101.5881, 4.459 ], [ 101.5916, 4.4741 ], [ 101.5811, 4.4938 ], [ 101.5916, 4.5279 ], [ 101.5864, 4.563 ], [ 101.5641, 4.5808 ], [ 101.5511, 4.5771 ], [ 101.5198, 4.6123 ], [ 101.5001, 4.6134 ], [ 101.4919, 4.6012 ], [ 101.4823, 4.6023 ], [ 101.4707, 4.5752 ], [ 101.4492, 4.5771 ], [ 101.4287, 4.6049 ], [ 101.4053, 4.616 ], [ 101.3744, 4.6148 ] ] ] } },
{ "type": "Feature", "properties": { "id": "phg-jerantut", "slug": "jerantut", "name": "Jerantut", "state": "Pahang", "division": null, "area_km2": 7257.4469466454657, "lon": 102.58865, "lat": 4.26055 }, "geometry": { "type": "Polygon", "coordinates": [ [ [ 102.6584, 4.7618 ], [ 102.611, 4.7817 ], [ 102.5987, 4.7706 ], [ 102.604, 4.7606 ], [ 102.5943, 4.7394 ], [ 102.6051, 4.7016 ], [ 102.5969, 4.6868 ], [ 102.585, 4.6953 ], [ 102.5723, 4.6916 ], [ 102.5474, 4.7105 ], [ 102.5292, 4.6784 ], [ 102.5123, 4.6689 ], [ 102.4642, 4.7073 ], [ 102.3795, 4.714 ], [ 102.3636, 4.7062 ], [ 102.3691, 4.6836 ], [ 102.3627, 4.6719 ], [ 102.3291, 4.6375 ], [ 102.3128, 4.6366 ], [ 102.2683, 4.6628 ], [ 102.232, 4.6538 ], [ 102.2356, 4.6393 ], [ 102.2258, 4.6327 ], [ 102.2151, 4.5922 ], [ 102.2581, 4.5216 ], [ 102.2378, 4.455 ], [ 102.2541, 4.43 ], [ 102.2145, 4.419 ], [ 102.2093, 4.3721 ], [ 102.2209, 4.357 ], [ 102.2134, 4.3344 ], [ 102.2297, 4.3321 ], [ 102.2436, 4.2446 ], [ 102.2697, 4.2098 ], [ 102.2692, 4.1849 ], [ 102.2482, 4.1432 ], [ 102.2517, 4.1246 ], [ 102.2645, 4.1148 ], [ 102.2872, 4.1194 ], [ 102.3005, 4.1015 ], [ 102.3162, 4.0991 ], [ 102.2837, 4.0545 ], [ 102.2645, 4.0626 ], [ 102.2346, 4.0367 ], [ 102.219, 4.0397 ], [ 102.2101, 4.0134 ], [ 102.203, 4.0267 ], [ 102.1539, 4.0375 ], [ 102.145, 4.0638 ], [ 102.1145, 4.0783 ], [ 102.0937, 4.0742 ], [ 102.0944, 4.0323 ], [ 102.128, 4.0035 ], [ 102.1088, 3.9792 ], [ 102.0617, 3.9734 ], [ 102.0658, 3.9415 ], [ 102.096, 3.9044 ], [ 102.0768, 3.8504 ], [ 102.1181, 3.8354 ], [ 102.1285, 3.8475 ], [ 102.2151, 3.8678 ], [ 102.2099, 3.8783 ], [ 102.2291, 3.8887 ], [ 102.2436, 3.8632 ], [ 102.2448, 3.8278 ], [ 102.2883, 3.84 ], [ 102.3081, 3.8017 ], [ 102.3197, 3.8157 ], [ 102.3633, 3.8145 ], [ 102.3953, 3.753 ], [ 102.4232, 3.7397 ], [ 102.4348, 3.7432 ], [ 102.4389, 3.7774 ], [ 102.4621, 3.7954 ], [ 102.4522, 3.822 ], [ 102.4819, 3.858 ], [ 102.4691, 3.8754 ], [ 102.4824, 3.8835 ], [ 102.4941, 3.8823 ], [ 102.5196, 3.8261 ], [ 102.558, 3.8458 ], [ 102.562, 3.8348 ], [ 102.5737, 3.8354 ], [ 102.5801, 3.8458 ], [ 102.5894, 3.8417 ], [ 102.6149, 3.8562 ], [ 102.7056, 3.836 ], [ 102.7288, 3.8597 ], [ 102.7434, 3.8916 ], [ 102.7404, 3.9084 ], [ 102.7759, 3.9426 ], [ 102.7922, 3.9455 ], [ 102.8003, 3.9658 ], [ 102.8282, 3.9334 ], [ 102.8491, 3.9345 ], [ 102.8671, 3.9977 ], [ 102.9113, 4.0174 ], [ 102.9266, 4.1005 ], [ 102.8903, 4.138 ], [ 102.9212, 4.1588 ], [ 102.9125, 4.2162 ], [ 102.9322, 4.2406 ], [ 102.9305, 4.2771 ], [ 102.9578, 4.2927 ], [ 102.9677, 4.3286 ], [ 103.0142, 4.3327 ], [ 103.0054, 4.3796 ], [ 103.0264, 4.4016 ], [ 103.0089, 4.4179 ], [ 103.006, 4.4468 ], [ 102.9886, 4.4544 ], [ 102.9723, 4.4822 ], [ 102.9543, 4.4718 ], [ 102.9572, 4.4578 ], [ 102.9485, 4.4509 ], [ 102.9299, 4.4689 ], [ 102.8782, 4.4631 ], [ 102.8776, 4.481 ], [ 102.848, 4.5007 ], [ 102.8392, 4.5558 ], [ 102.8712, 4.5673 ], [ 102.8741, 4.5841 ], [ 102.8631, 4.6033 ], [ 102.8834, 4.6067 ], [ 102.8442, 4.6821 ], [ 102.7829, 4.6716 ], [ 102.7457, 4.6896 ], [ 102.73, 4.6872 ], [ 102.7038, 4.7139 ], [ 102.6812, 4.7208 ], [ 102.6584, 4.7618 ] ] ] } },
{ "type": "Feature", "properties": { "id": "phg-kuantan", "slug": "kuantan", "name": "Kuantan", "state": "Pahang", "division": null, "area_km2": 3052.9273373779038, "lon": 103.0222, "lat": 3.89787 }, "geometry": { "type": "Polygon", "coordinates": [ [ [ 102.9266, 4.1005 ], [ 102.9113, 4.0174 ], [ 102.8671, 3.9977 ], [ 102.8491, 3.9345 ], [ 102.8282, 3.9334 ], [ 102.8003, 3.9658 ], [ 102.7922, 3.9455 ], [ 102.7759, 3.9426 ], [ 102.7404, 3.9084 ], [ 102.7434, 3.8916 ], [ 102.7288, 3.8597 ], [ 102.7034, 3.8365 ], [ 102.7085, 3.8156 ], [ 102.7349, 3.7918 ], [ 102.7583, 3.7506 ], [ 102.7933, 3.7647 ], [ 102.8052, 3.751 ], [ 102.8066, 3.7273 ], [ 102.8275, 3.7132 ], [ 102.8241, 3.7013 ], [ 102.8297, 3.6976 ], [ 102.8464, 3.7206 ], [ 102.8695, 3.7172 ], [ 102.8922, 3.6905 ], [ 102.8896, 3.6824 ], [ 102.9205, 3.6579 ], [ 103.1257, 3.62 ], [ 103.395, 3.6044 ], [ 103.3309, 3.7165 ], [ 103.3268, 3.7588 ], [ 103.3465, 3.807 ], [ 103.3762, 3.8064 ], [ 103.3692, 3.9194 ], [ 103.4041, 3.9658 ], [ 103.4285, 3.9565 ], [ 103.4349, 3.9641 ], [ 103.3855, 4.091 ], [ 103.3866, 4.1154 ], [ 103.4099, 4.1357 ], [ 103.4134, 4.1687 ], [ 103.4413, 4.1733 ], [ 103.4406, 4.1857 ], [ 103.3442, 4.1769 ], [ 103.3346, 4.189 ], [ 103.317, 4.1912 ], [ 103.3304, 4.1418 ], [ 103.3091, 4.1187 ], [ 103.3005, 4.0864 ], [ 103.3061, 4.062 ], [ 103.327, 4.0482 ], [ 103.3351, 3.951 ], [ 103.3258, 3.9325 ], [ 103.305, 3.9213 ], [ 103.3169, 3.8983 ], [ 103.3113, 3.882 ], [ 103.266, 3.9518 ], [ 103.2756, 3.9633 ], [ 103.2472, 3.9948 ], [ 103.2408, 4.018 ], [ 103.2135, 4.0122 ], [ 103.1995, 4.0389 ], [ 103.1908, 4.0302 ], [ 103.1623, 4.036 ], [ 103.1347, 4.0531 ], [ 103.1176, 4.0838 ], [ 103.0733, 4.0942 ], [ 103.0711, 4.1139 ], [ 103.0573, 4.1191 ], [ 103.0198, 4.1176 ], [ 102.9952, 4.1298 ], [ 102.9266, 4.1005 ] ] ] } },
{ "type": "Feature", "properties": { "id": "phg-lipis", "slug": "lipis", "name": "Lipis", "state": "Pahang", "division": null, "area_km2": 5392.0294078398038, "lon": 101.88149, "lat": 4.34487 }, "geometry": { "type": "Polygon", "coordinates": [ [ [ 101.589, 4.5552 ], [ 101.5916, 4.5279 ], [ 101.5811, 4.4938 ], [ 101.5916, 4.4741 ], [ 101.5881, 4.459 ], [ 101.6044, 4.4457 ], [ 101.6084, 4.4103 ], [ 101.5922, 4.3883 ], [ 101.5852, 4.3553 ], [ 101.5585, 4.3599 ], [ 101.5492, 4.346 ], [ 101.4864, 4.3228 ], [ 101.4445, 4.3267 ], [ 101.4457, 4.2726 ], [ 101.4638, 4.2527 ], [ 101.4529, 4.2401 ], [ 101.4529, 4.2219 ], [ 101.5119, 4.2056 ], [ 101.4992, 4.1866 ], [ 101.4965, 4.1576 ], [ 101.5162, 4.1173 ], [ 101.5329, 4.1264 ], [ 101.5826, 4.0775 ], [ 101.6299, 4.0951 ], [ 101.6927, 4.0725 ], [ 101.7165, 4.0945 ], [ 101.7374, 4.1003 ], [ 101.7404, 4.1183 ], [ 101.7502, 4.116 ], [ 101.7746, 4.0864 ], [ 101.8054, 4.0847 ], [ 101.8142, 4.0348 ], [ 101.8386, 4.0278 ], [ 101.8537, 4.0336 ], [ 101.8816, 4.0789 ], [ 101.8961, 4.0736 ], [ 101.9031, 4.102 ], [ 101.9141, 4.1038 ], [ 101.9501, 4.0858 ], [ 101.9536, 4.0707 ], [ 101.9374, 4.0389 ], [ 101.9641, 3.9994 ], [ 101.9281, 3.9478 ], [ 101.942, 3.9444 ], [ 101.9565, 3.9223 ], [ 101.9833, 3.9281 ], [ 102.0082, 3.9705 ], [ 102.0292, 3.9873 ], [ 102.0501, 3.971 ], [ 102.1088, 3.9792 ], [ 102.128, 4.0035 ], [ 102.0944, 4.0323 ], [ 102.0937, 4.0742 ], [ 102.1145, 4.0783 ], [ 102.145, 4.0638 ], [ 102.1539, 4.0375 ], [ 102.203, 4.0267 ], [ 102.2101, 4.0134 ], [ 102.219, 4.0397 ], [ 102.2346, 4.0367 ], [ 102.2645, 4.0626 ], [ 102.2837, 4.0545 ], [ 102.3139, 4.0899 ], [ 102.3162, 4.0991 ], [ 102.3005, 4.1015 ], [ 102.2872, 4.1194 ], [ 102.2645, 4.1148 ], [ 102.2517, 4.1246 ], [ 102.2482, 4.1432 ], [ 102.2692, 4.1849 ], [ 102.2697, 4.2098 ], [ 102.2436, 4.2446 ], [ 102.2297, 4.3321 ], [ 102.2134, 4.3344 ], [ 102.2209, 4.357 ], [ 102.2093, 4.3721 ], [ 102.2145, 4.419 ], [ 102.2541, 4.43 ], [ 102.2378, 4.455 ], [ 102.2581, 4.5216 ], [ 102.2163, 4.5859 ], [ 102.2258, 4.6327 ], [ 102.2029, 4.6384 ], [ 102.1748, 4.6646 ], [ 102.1748, 4.6791 ], [ 102.1385, 4.7044 ], [ 102.1185, 4.756 ], [ 102.0567, 4.7442 ], [ 102.0486, 4.7289 ], [ 102.0395, 4.7289 ], [ 102.0286, 4.7424 ], [ 102.0141, 4.7397 ], [ 101.9959, 4.7651 ], [ 101.9814, 4.7451 ], [ 101.9623, 4.766 ], [ 101.9505, 4.7596 ], [ 101.9541, 4.7207 ], [ 101.9405, 4.6646 ], [ 101.9278, 4.6547 ], [ 101.9124, 4.613 ], [ 101.896, 4.6166 ], [ 101.886, 4.6728 ], [ 101.8697, 4.68 ], [ 101.867, 4.6909 ], [ 101.8497, 4.6872 ], [ 101.8452, 4.7189 ], [ 101.8234, 4.7171 ], [ 101.8185, 4.7627 ], [ 101.7805, 4.7602 ], [ 101.7741, 4.6618 ], [ 101.7526, 4.6114 ], [ 101.7311, 4.6218 ], [ 101.7223, 4.6102 ], [ 101.6746, 4.596 ], [ 101.6634, 4.5663 ], [ 101.6214, 4.5463 ], [ 101.6091, 4.5622 ], [ 101.589, 4.5552 ] ] ] } },
{ "type": "Feature", "properties": { "id": "phg-maran", "slug": "maran", "name": "Maran", "state": "Pahang", "division": null, "area_km2": 1990.7475432834096, "lon": 102.70163, "lat": 3.59733 }, "geometry": { "type": "Polygon", "coordinates": [ [ [ 102.4322, 3.7419 ], [ 102.4452, 3.7165 ], [ 102.4545, 3.724 ], [ 102.4679, 3.7177 ], [ 102.4848, 3.6632 ], [ 102.4784, 3.6463 ], [ 102.4912, 3.6202 ], [ 102.4807, 3.5947 ], [ 102.4923, 3.5872 ], [ 102.4946, 3.5576 ], [ 102.4871, 3.5176 ], [ 102.5034, 3.4654 ], [ 102.5719, 3.4549 ], [ 102.5917, 3.4346 ], [ 102.5946, 3.3981 ], [ 102.6335, 3.3929 ], [ 102.6608, 3.3598 ], [ 102.6887, 3.3482 ], [ 102.6945, 3.3169 ], [ 102.73, 3.3331 ], [ 102.7341, 3.3772 ], [ 102.7503, 3.3818 ], [ 102.7718, 3.3685 ], [ 102.8282, 3.3789 ], [ 102.7811, 3.4277 ], [ 102.7753, 3.4538 ], [ 102.7916, 3.4596 ], [ 102.7962, 3.4735 ], [ 102.8195, 3.4607 ], [ 102.8235, 3.4723 ], [ 102.8578, 3.4897 ], [ 102.8654, 3.5257 ], [ 102.9032, 3.5472 ], [ 102.902, 3.5692 ], [ 102.9206, 3.5912 ], [ 102.9196, 3.6593 ], [ 102.8896, 3.6824 ], [ 102.8922, 3.6905 ], [ 102.8695, 3.7172 ], [ 102.8464, 3.7206 ], [ 102.8297, 3.6976 ], [ 102.8241, 3.7013 ], [ 102.8275, 3.7132 ], [ 102.8033, 3.7328 ], [ 102.8037, 3.7544 ], [ 102.7933, 3.7647 ], [ 102.7583, 3.7506 ], [ 102.7349, 3.7918 ], [ 102.7085, 3.8156 ], [ 102.7034, 3.8365 ], [ 102.6149, 3.8562 ], [ 102.5894, 3.8417 ], [ 102.5801, 3.8458 ], [ 102.5737, 3.8354 ], [ 102.562, 3.8348 ], [ 102.558, 3.8458 ], [ 102.5196, 3.8261 ], [ 102.4941, 3.8823 ], [ 102.4824, 3.8835 ], [ 102.4691, 3.8754 ], [ 102.4819, 3.858 ], [ 102.4522, 3.822 ], [ 102.4621, 3.7954 ], [ 102.4389, 3.7774 ], [ 102.4322, 3.7419 ] ] ] } },
{ "type": "Feature", "properties": { "id": "phg-pekan", "slug": "pekan", "name": "Pekan", "state": "Pahang", "division": null, "area_km2": 3718.4846504139505, "lon": 103.25124, "lat": 3.30498 }, "geometry": { "type": "Polygon", "coordinates": [ [ [ 102.9196, 3.6593 ], [ 102.9206, 3.5912 ], [ 102.902, 3.5692 ], [ 102.9032, 3.5472 ], [ 102.8654, 3.5257 ], [ 102.8578, 3.4897 ], [ 102.8235, 3.4723 ], [ 102.8195, 3.4607 ], [ 102.7962, 3.4735 ], [ 102.7916, 3.4596 ], [ 102.7753, 3.4538 ], [ 102.7811, 3.4277 ], [ 102.8282, 3.3836 ], [ 102.8224, 3.3604 ], [ 102.8509, 3.3204 ], [ 102.8892, 3.2774 ], [ 102.9096, 3.2693 ], [ 102.9363, 3.3099 ], [ 102.9537, 3.3157 ], [ 102.9758, 3.2763 ], [ 103.02, 3.2873 ], [ 103.0624, 3.3273 ], [ 103.0746, 3.307 ], [ 103.0775, 3.2734 ], [ 103.1263, 3.2136 ], [ 103.1141, 3.1892 ], [ 103.1222, 3.184 ], [ 103.1211, 3.1637 ], [ 103.1019, 3.148 ], [ 103.1106, 3.1283 ], [ 103.0734, 3.1132 ], [ 103.063, 3.0807 ], [ 103.0897, 3.068 ], [ 103.0804, 3.0616 ], [ 103.0943, 3.0546 ], [ 103.099, 3.032 ], [ 103.1158, 3.0227 ], [ 103.1275, 2.9914 ], [ 103.1501, 2.9896 ], [ 103.167, 2.9618 ], [ 103.3651, 2.9658 ], [ 103.4308, 2.949 ], [ 103.4281, 3.0106 ], [ 103.4452, 3.1763 ], [ 103.4423, 3.2471 ], [ 103.4196, 3.3633 ], [ 103.4352, 3.4341 ], [ 103.475, 3.4992 ], [ 103.4735, 3.5205 ], [ 103.3965, 3.6089 ], [ 103.3831, 3.6011 ], [ 103.3779, 3.6092 ], [ 103.1257, 3.62 ], [ 102.9196, 3.6593 ] ] ] } },
{ "type": "Feature", "properties": { "id": "phg-raub", "slug": "raub", "name": "Raub", "state": "Pahang", "division": null, "area_km2": 2311.6901900754724, "lon": 101.84735, "lat": 3.83798 }, "geometry": { "type": "Polygon", "coordinates": [ [ [ 101.6247, 3.7785 ], [ 101.6519, 3.7286 ], [ 101.6859, 3.706 ], [ 101.7384, 3.7102 ], [ 101.7867, 3.6239 ], [ 101.804, 3.6094 ], [ 101.8403, 3.6417 ], [ 101.8502, 3.6359 ], [ 101.8821, 3.6516 ], [ 101.8641, 3.6916 ], [ 101.8723, 3.695 ], [ 101.8961, 3.6661 ], [ 101.9368, 3.6591 ], [ 101.9461, 3.6139 ], [ 101.9751, 3.5704 ], [ 101.9711, 3.5611 ], [ 102.0123, 3.5582 ], [ 102.0286, 3.5889 ], [ 102.0187, 3.6144 ], [ 102.0385, 3.6429 ], [ 102.0507, 3.6411 ], [ 102.0361, 3.6933 ], [ 102.0408, 3.7084 ], [ 102.0844, 3.7496 ], [ 102.0972, 3.8284 ], [ 102.1101, 3.8358 ], [ 102.0768, 3.8504 ], [ 102.096, 3.9044 ], [ 102.0658, 3.9415 ], [ 102.0617, 3.9734 ], [ 102.0431, 3.9728 ], [ 102.0292, 3.9873 ], [ 102.0082, 3.9705 ], [ 101.9833, 3.9281 ], [ 101.9629, 3.9223 ], [ 101.9281, 3.9478 ], [ 101.9641, 3.9994 ], [ 101.9374, 4.0389 ], [ 101.9536, 4.0707 ], [ 101.9501, 4.0858 ], [ 101.9031, 4.102 ], [ 101.9002, 4.0783 ], [ 101.8816, 4.0789 ], [ 101.8537, 4.0336 ], [ 101.8386, 4.0278 ], [ 101.8142, 4.0348 ], [ 101.8054, 4.0847 ], [ 101.7746, 4.0864 ], [ 101.7404, 4.1183 ], [ 101.7374, 4.1003 ], [ 101.7165, 4.0945 ], [ 101.6997, 4.0736 ], [ 101.6631, 4.0783 ], [ 101.6299, 4.0951 ], [ 101.5826, 4.0775 ], [ 101.5585, 4.029 ], [ 101.5585, 4.0099 ], [ 101.5736, 3.9942 ], [ 101.573, 3.9119 ], [ 101.6044, 3.8789 ], [ 101.6021, 3.8464 ], [ 101.5898, 3.8365 ], [ 101.591, 3.8006 ], [ 101.6247, 3.7785 ] ] ] } },
{ "type": "Feature", "properties": { "id": "phg-rompin", "slug": "rompin", "name": "Rompin", "state": "Pahang", "division": null, "area_km2": 5212.7751404314695, "lon": 103.10056, "lat": 2.90836 }, "geometry": { "type": "MultiPolygon", "coordinates": [ [ [ [ 103.9046, 2.6991 ], [ 103.923, 2.6949 ], [ 103.9201, 2.6743 ], [ 103.911, 2.6845 ], [ 103.9118, 2.6745 ], [ 103.9054, 2.6764 ], [ 103.9046, 2.6991 ] ] ], [ [ [ 103.8954, 2.6986 ], [ 103.897, 2.6876 ], [ 103.8852, 2.6825 ], [ 103.8815, 2.6985 ], [ 103.8954, 2.6986 ] ] ], [ [ [ 104.1767, 2.8932 ], [ 104.1892, 2.8771 ], [ 104.183, 2.8737 ], [ 104.1946, 2.8309 ], [ 104.213, 2.8007 ], [ 104.2039, 2.7837 ], [ 104.2228, 2.7681 ], [ 104.2138, 2.7215 ], [ 104.1654, 2.7162 ], [ 104.1223, 2.7456 ], [ 104.1171, 2.7796 ], [ 104.1286, 2.8002 ], [ 104.1624, 2.8243 ], [ 104.1476, 2.8696 ], [ 104.1567, 2.8932 ], [ 104.1767, 2.8932 ] ] ], [ [ [ 104.1007, 2.9194 ], [ 104.1101, 2.909 ], [ 104.0979, 2.9083 ], [ 104.1007, 2.9194 ] ] ], [ [ [ 102.7019, 3.3168 ], [ 102.7317, 3.3389 ], [ 102.7341, 3.3772 ], [ 102.7503, 3.3818 ], [ 102.7718, 3.3685 ], [ 102.8261, 3.3782 ], [ 102.8224, 3.3604 ], [ 102.8509, 3.3204 ], [ 102.8892, 3.2774 ], [ 102.9096, 3.2693 ], [ 102.9363, 3.3099 ], [ 102.9537, 3.3157 ], [ 102.9758, 3.2763 ], [ 103.02, 3.2873 ], [ 103.0624, 3.3273 ], [ 103.0746, 3.307 ], [ 103.0775, 3.2734 ], [ 103.1263, 3.2136 ], [ 103.1141, 3.1892 ], [ 103.1222, 3.184 ], [ 103.1211, 3.1637 ], [ 103.1019, 3.148 ], [ 103.1106, 3.1283 ], [ 103.0734, 3.1132 ], [ 103.063, 3.0807 ], [ 103.0897, 3.068 ], [ 103.0804, 3.0616 ], [ 103.0943, 3.0546 ], [ 103.099, 3.032 ], [ 103.1158, 3.0227 ], [ 103.1275, 2.9914 ], [ 103.1501, 2.9896 ], [ 103.167, 2.9618 ], [ 103.3651, 2.9658 ], [ 103.4308, 2.949 ], [ 103.4587, 2.8532 ], [ 103.5413, 2.7538 ], [ 103.6294, 2.674 ], [ 103.633, 2.663 ], [ 103.6219, 2.6567 ], [ 103.6029, 2.666 ], [ 103.5884, 2.6497 ], [ 103.6007, 2.6318 ], [ 103.604, 2.6497 ], [ 103.6126, 2.6489 ], [ 103.613, 2.6359 ], [ 103.6241, 2.6303 ], [ 103.6144, 2.6192 ], [ 103.6275, 2.6062 ], [ 103.613, 2.5958 ], [ 103.623, 2.5876 ], [ 103.6048, 2.5876 ], [ 103.5981, 2.5702 ], [ 103.6152, 2.5761 ], [ 103.6182, 2.5594 ], [ 103.6118, 2.5661 ], [ 103.5966, 2.5568 ], [ 103.591, 2.5297 ], [ 103.6234, 2.5311 ], [ 103.6182, 2.5193 ], [ 103.6304, 2.4888 ], [ 103.6386, 2.4884 ], [ 103.6271, 2.4654 ], [ 103.6107, 2.4728 ], [ 103.6092, 2.4591 ], [ 103.4724, 2.5256 ], [ 103.4471, 2.5542 ], [ 103.4162, 2.5583 ], [ 103.3548, 2.5917 ], [ 103.2848, 2.577 ], [ 103.1515, 2.5231 ], [ 102.9741, 2.594 ], [ 102.7968, 2.8023 ], [ 102.7599, 2.8193 ], [ 102.7624, 2.9862 ], [ 102.7892, 3.046 ], [ 102.7657, 3.0549 ], [ 102.7438, 3.0935 ], [ 102.7538, 3.1099 ], [ 102.7509, 3.1262 ], [ 102.7408, 3.1162 ], [ 102.7278, 3.121 ], [ 102.7375, 3.1515 ], [ 102.7594, 3.1448 ], [ 102.8096, 3.1704 ], [ 102.7747, 3.2046 ], [ 102.7416, 3.2213 ], [ 102.7289, 3.2532 ], [ 102.7036, 3.2684 ], [ 102.7019, 3.3168 ] ] ] ] } },
{ "type": "Feature", "properties": { "id": "phg-temerloh", "slug": "temerloh", "name": "Temerloh", "state": "Pahang", "division": null, "area_km2": 2286.9995216458992, "lon": 102.25464, "lat": 3.61763 }, "geometry": { "type": "Polygon", "coordinates": [ [ [ 102.2151, 3.8678 ], [ 102.0972, 3.8284 ], [ 102.0844, 3.7496 ], [ 102.0408, 3.7084 ], [ 102.0361, 3.6933 ], [ 102.0507, 3.6411 ], [ 102.0385, 3.6429 ], [ 102.0187, 3.6144 ], [ 102.0286, 3.5889 ], [ 102.0129, 3.5588 ], [ 102.0216, 3.5524 ], [ 102.028, 3.5634 ], [ 102.0571, 3.5158 ], [ 102.0547, 3.5048 ], [ 102.0861, 3.4944 ], [ 102.103, 3.4758 ], [ 102.0972, 3.394 ], [ 102.1146, 3.3505 ], [ 102.139, 3.3505 ], [ 102.1495, 3.3644 ], [ 102.2023, 3.3766 ], [ 102.2279, 3.394 ], [ 102.2645, 3.3708 ], [ 102.3145, 3.3569 ], [ 102.3255, 3.3749 ], [ 102.3616, 3.3801 ], [ 102.3871, 3.3702 ], [ 102.4743, 3.365 ], [ 102.4819, 3.4178 ], [ 102.5039, 3.4149 ], [ 102.5034, 3.4712 ], [ 102.4871, 3.5176 ], [ 102.4941, 3.582 ], [ 102.4807, 3.5947 ], [ 102.4912, 3.6243 ], [ 102.4795, 3.64 ], [ 102.4848, 3.6632 ], [ 102.4679, 3.7177 ], [ 102.4545, 3.724 ], [ 102.4452, 3.7165 ], [ 102.4406, 3.7385 ], [ 102.3953, 3.753 ], [ 102.3633, 3.8145 ], [ 102.3197, 3.8157 ], [ 102.3081, 3.8017 ], [ 102.2883, 3.84 ], [ 102.2448, 3.8278 ], [ 102.2436, 3.8632 ], [ 102.2291, 3.8887 ], [ 102.2099, 3.8783 ], [ 102.2151, 3.8678 ] ] ] } },
{ "type": "Feature", "properties": { "id": "pls-perlis", "slug": "perlis", "name": "Perlis", "state": "Perlis", "division": null, "area_km2": 810.38668125728134, "lon": 100.26293, "lat": 6.48817 }, "geometry": { "type": "Polygon", "coordinates": [ [ [ 100.3508, 6.5731 ], [ 100.307, 6.6045 ], [ 100.3248, 6.6221 ], [ 100.3161, 6.6348 ], [ 100.3253, 6.6631 ], [ 100.2922, 6.6803 ], [ 100.2922, 6.7073 ], [ 100.2684, 6.6995 ], [ 100.2553, 6.7095 ], [ 100.2367, 6.6925 ], [ 100.22, 6.6999 ], [ 100.2129, 6.7199 ], [ 100.188, 6.7187 ], [ 100.172, 6.6918 ], [ 100.1813, 6.6571 ], [ 100.1676, 6.6319 ], [ 100.1839, 6.5733 ], [ 100.1766, 6.5667 ], [ 100.157, 6.5797 ], [ 100.1601, 6.4886 ], [ 100.1456, 6.4657 ], [ 100.1482, 6.4532 ], [ 100.1191, 6.4194 ], [ 100.1932, 6.252 ], [ 100.2048, 6.2908 ], [ 100.3075, 6.4104 ], [ 100.3632, 6.4543 ], [ 100.3703, 6.5298 ], [ 100.3508, 6.5731 ] ] ] } },
{ "type": "Feature", "properties": { "id": "png-barat-daya", "slug": "barat-daya", "name": "Barat Daya", "state": "Pulau Pinang", "division": null, "area_km2": 177.49311576684693, "lon": 100.22313, "lat": 5.36391 }, "geometry": { "type": "Polygon", "coordinates": [ [ [ 100.3072, 5.3273 ], [ 100.3032, 5.3455 ], [ 100.2948, 5.3329 ], [ 100.278, 5.3311 ], [ 100.2587, 5.3551 ], [ 100.2576, 5.3788 ], [ 100.2412, 5.3818 ], [ 100.2408, 5.464 ], [ 100.2094, 5.4601 ], [ 100.1863, 5.4778 ], [ 100.1768, 5.4752 ], [ 100.1965, 5.3255 ], [ 100.1963, 5.3098 ], [ 100.1835, 5.3032 ], [ 100.1773, 5.283 ], [ 100.1827, 5.2691 ], [ 100.1915, 5.2811 ], [ 100.2282, 5.2873 ], [ 100.2468, 5.2747 ], [ 100.2622, 5.2785 ], [ 100.2734, 5.2574 ], [ 100.282, 5.2577 ], [ 100.3072, 5.3273 ] ] ] } },
{ "type": "Feature", "properties": { "id": "png-seberang-perai-selatan", "slug": "seberang-perai-selatan", "name": "Seberang Perai Selatan", "state": "Pulau Pinang", "division": null, "area_km2": 240.08096831392058, "lon": 100.48484, "lat": 5.21122 }, "geometry": { "type": "Polygon", "coordinates": [ [ [ 100.5507, 5.1432 ], [ 100.5322, 5.2904 ], [ 100.5207, 5.2984 ], [ 100.4524, 5.2889 ], [ 100.4359, 5.2738 ], [ 100.4303, 5.2854 ], [ 100.4162, 5.2772 ], [ 100.4059, 5.2658 ], [ 100.4289, 5.21 ], [ 100.4177, 5.1764 ], [ 100.4255, 5.1693 ], [ 100.3948, 5.1277 ], [ 100.4048, 5.1222 ], [ 100.4925, 5.1347 ], [ 100.5087, 5.1453 ], [ 100.5507, 5.1432 ] ] ] } },
{ "type": "Feature", "properties": { "id": "png-seberang-perai-tengah", "slug": "seberang-perai-tengah", "name": "Seberang Perai Tengah", "state": "Pulau Pinang", "division": null, "area_km2": 234.11000562606964, "lon": 100.45361, "lat": 5.36148 }, "geometry": { "type": "Polygon", "coordinates": [ [ [ 100.5323, 5.2897 ], [ 100.5255, 5.4288 ], [ 100.4976, 5.4364 ], [ 100.4891, 5.429 ], [ 100.4414, 5.4541 ], [ 100.4373, 5.4403 ], [ 100.4464, 5.4407 ], [ 100.4369, 5.4325 ], [ 100.4011, 5.4278 ], [ 100.4049, 5.4077 ], [ 100.3915, 5.412 ], [ 100.3919, 5.3973 ], [ 100.3776, 5.3951 ], [ 100.3689, 5.3816 ], [ 100.406, 5.3397 ], [ 100.4022, 5.3221 ], [ 100.4206, 5.2803 ], [ 100.4316, 5.285 ], [ 100.4359, 5.2738 ], [ 100.4524, 5.2889 ], [ 100.4683, 5.2858 ], [ 100.4652, 5.2919 ], [ 100.5041, 5.2987 ], [ 100.5323, 5.2897 ] ] ] } },
{ "type": "Feature", "properties": { "id": "png-seberang-perai-utara", "slug": "seberang-perai-utara", "name": "Seberang Perai Utara", "state": "Pulau Pinang", "division": null, "area_km2": 271.93954022891523, "lon": 100.45297, "lat": 5.48032 }, "geometry": { "type": "Polygon", "coordinates": [ [ [ 100.5255, 5.4288 ], [ 100.5294, 5.5573 ], [ 100.5234, 5.5501 ], [ 100.5237, 5.5593 ], [ 100.4881, 5.5707 ], [ 100.4857, 5.5622 ], [ 100.4234, 5.5636 ], [ 100.3839, 5.584 ], [ 100.371, 5.5847 ], [ 100.3627, 5.574 ], [ 100.3398, 5.5776 ], [ 100.366, 5.5387 ], [ 100.3772, 5.4984 ], [ 100.3781, 5.4377 ], [ 100.3713, 5.4191 ], [ 100.3611, 5.4257 ], [ 100.36, 5.4123 ], [ 100.3672, 5.4092 ], [ 100.3689, 5.3816 ], [ 100.3776, 5.3951 ], [ 100.3919, 5.3973 ], [ 100.3915, 5.412 ], [ 100.4049, 5.4077 ], [ 100.4011, 5.4278 ], [ 100.443, 5.4366 ], [ 100.4414, 5.4541 ], [ 100.4891, 5.429 ], [ 100.4976, 5.4364 ], [ 100.5255, 5.4288 ] ] ] } },
{ "type": "Feature", "properties": { "id": "png-timur-laut", "slug": "timur-laut", "name": "Timur Laut", "state": "Pulau Pinang", "division": null, "area_km2": 127.54956522813997, "lon": 100.28914, "lat": 5.40421 }, "geometry": { "type": "MultiPolygon", "coordinates": [ [ [ [ 100.3099, 5.301 ], [ 100.3073, 5.3143 ], [ 100.3233, 5.3369 ], [ 100.3248, 5.3186 ], [ 100.3099, 5.301 ] ] ], [ [ [ 100.305, 5.3269 ], [ 100.3032, 5.3455 ], [ 100.2948, 5.3329 ], [ 100.278, 5.3311 ], [ 100.2587, 5.3551 ], [ 100.2576, 5.3788 ], [ 100.2412, 5.3818 ], [ 100.2367, 5.3962 ], [ 100.2464, 5.4185 ], [ 100.2353, 5.4643 ], [ 100.2556, 5.4823 ], [ 100.3134, 5.462 ], [ 100.3163, 5.4345 ], [ 100.3446, 5.4195 ], [ 100.3272, 5.3887 ], [ 100.317, 5.3866 ], [ 100.305, 5.3269 ] ] ] ] } },
{ "type": "Feature", "properties": { "id": "prk-bagan-datuk", "slug": "bagan-datuk", "name": "Bagan Datuk", "state": "Perak", "division": null, "area_km2": 949.43243035577359, "lon": 100.93008, "lat": 3.88002 }, "geometry": { "type": "Polygon", "coordinates": [ [ [ 100.8315, 4.0458 ], [ 100.7757, 4.0035 ], [ 100.7618, 4.011 ], [ 100.7071, 3.9971 ], [ 100.699, 3.9676 ], [ 100.7054, 3.8887 ], [ 100.7437, 3.8562 ], [ 100.7658, 3.847 ], [ 100.8065, 3.8591 ], [ 100.846, 3.851 ], [ 100.9425, 3.8707 ], [ 100.9413, 3.8319 ], [ 100.9808, 3.8133 ], [ 100.957, 3.7843 ], [ 100.975, 3.7681 ], [ 100.9878, 3.7954 ], [ 101.0256, 3.8058 ], [ 101.0256, 3.7849 ], [ 101.0605, 3.7965 ], [ 101.0575, 3.7548 ], [ 101.0947, 3.7797 ], [ 101.0901, 3.7652 ], [ 101.0988, 3.7513 ], [ 101.0756, 3.7588 ], [ 101.075, 3.7281 ], [ 101.0959, 3.7449 ], [ 101.1058, 3.7339 ], [ 101.111, 3.7455 ], [ 101.1232, 3.738 ], [ 101.1337, 3.7612 ], [ 101.1436, 3.7449 ], [ 101.1348, 3.7351 ], [ 101.1534, 3.7298 ], [ 101.1529, 3.7455 ], [ 101.1621, 3.7275 ], [ 101.1645, 3.7496 ], [ 101.1709, 3.7304 ], [ 101.1906, 3.7304 ], [ 101.1813, 3.7188 ], [ 101.1691, 3.7194 ], [ 101.1767, 3.7107 ], [ 101.1964, 3.7177 ], [ 101.1999, 3.7281 ], [ 101.2121, 3.709 ], [ 101.2441, 3.7211 ], [ 101.2505, 3.7304 ], [ 101.2431, 3.856 ], [ 101.2267, 3.8707 ], [ 101.1058, 3.8841 ], [ 101.0035, 3.9102 ], [ 100.9605, 3.9432 ], [ 100.9675, 3.9548 ], [ 100.9407, 3.9855 ], [ 100.9158, 3.9768 ], [ 100.907, 3.9948 ], [ 100.8988, 3.9968 ], [ 100.8779, 3.9677 ], [ 100.8668, 3.9655 ], [ 100.8589, 3.9807 ], [ 100.869, 4.013 ], [ 100.8653, 4.0338 ], [ 100.8315, 4.0458 ] ] ] } },
{ "type": "Feature", "properties": { "id": "prk-batang-padang", "slug": "batang-padang", "name": "Batang Padang", "state": "Perak", "division": null, "area_km2": 1784.9606872167967, "lon": 101.33305, "lat": 4.12113 }, "geometry": { "type": "Polygon", "coordinates": [ [ [ 101.3336, 4.4316 ], [ 101.3093, 4.3857 ], [ 101.3149, 4.3717 ], [ 101.2963, 4.3591 ], [ 101.2893, 4.3387 ], [ 101.2413, 4.3476 ], [ 101.2075, 4.3373 ], [ 101.1924, 4.3269 ], [ 101.1929, 4.2892 ], [ 101.1203, 4.2493 ], [ 101.0707, 4.2486 ], [ 101.1011, 4.1809 ], [ 101.1107, 4.1836 ], [ 101.1416, 4.1428 ], [ 101.1476, 4.1502 ], [ 101.1617, 4.1432 ], [ 101.1487, 4.1124 ], [ 101.2383, 4.0302 ], [ 101.2441, 3.8406 ], [ 101.2592, 3.8435 ], [ 101.3167, 3.8104 ], [ 101.3789, 3.8278 ], [ 101.3818, 3.8835 ], [ 101.3661, 3.8957 ], [ 101.4254, 3.9554 ], [ 101.4626, 3.9577 ], [ 101.4562, 3.9821 ], [ 101.4701, 4.0012 ], [ 101.4632, 4.0267 ], [ 101.4835, 4.0342 ], [ 101.4975, 4.091 ], [ 101.5162, 4.1173 ], [ 101.4965, 4.1576 ], [ 101.4992, 4.1866 ], [ 101.5119, 4.2056 ], [ 101.4647, 4.2156 ], [ 101.4511, 4.2283 ], [ 101.4638, 4.2527 ], [ 101.4457, 4.2726 ], [ 101.4503, 4.3157 ], [ 101.4447, 4.3338 ], [ 101.4219, 4.3469 ], [ 101.4437, 4.3801 ], [ 101.4355, 4.3918 ], [ 101.4079, 4.3942 ], [ 101.3919, 4.4095 ], [ 101.3579, 4.3974 ], [ 101.3483, 4.4155 ], [ 101.3524, 4.4278 ], [ 101.3336, 4.4316 ] ] ] } },
{ "type": "Feature", "properties": { "id": "prk-hilir-perak", "slug": "hilir-perak", "name": "Hilir Perak", "state": "Perak", "division": null, "area_km2": 789.31243780809598, "lon": 101.07388, "lat": 4.02003 }, "geometry": { "type": "Polygon", "coordinates": [ [ [ 100.8861, 4.0141 ], [ 100.9117, 3.9919 ], [ 100.9158, 3.9768 ], [ 100.9407, 3.9855 ], [ 100.9675, 3.9548 ], [ 100.9605, 3.9432 ], [ 101.0035, 3.9102 ], [ 101.1058, 3.8841 ], [ 101.2267, 3.8707 ], [ 101.2441, 3.8551 ], [ 101.2383, 4.0302 ], [ 101.1487, 4.1124 ], [ 101.1617, 4.1432 ], [ 101.1334, 4.1484 ], [ 101.1107, 4.1836 ], [ 101.0181, 4.1146 ], [ 101.0259, 4.1098 ], [ 101.017, 4.0998 ], [ 101.0244, 4.079 ], [ 100.9992, 4.0601 ], [ 100.978, 4.0638 ], [ 100.9672, 4.0449 ], [ 100.9211, 4.0631 ], [ 100.9278, 4.0315 ], [ 100.9095, 4.0249 ], [ 100.8995, 4.0063 ], [ 100.8861, 4.0141 ] ] ] } },
{ "type": "Feature", "properties": { "id": "prk-hulu-perak", "slug": "hulu-perak", "name": "Hulu Perak", "state": "Perak", "division": null, "area_km2": 6591.4158751238383, "lon": 101.30367, "lat": 5.45187 }, "geometry": { "type": "Polygon", "coordinates": [ [ [ 101.6946, 5.7039 ], [ 101.6878, 5.7813 ], [ 101.6711, 5.7884 ], [ 101.6654, 5.8123 ], [ 101.6578, 5.8125 ], [ 101.6574, 5.8767 ], [ 101.6262, 5.8767 ], [ 101.6162, 5.9092 ], [ 101.5972, 5.9122 ], [ 101.5801, 5.9355 ], [ 101.5377, 5.9196 ], [ 101.525, 5.9018 ], [ 101.5157, 5.904 ], [ 101.4875, 5.8837 ], [ 101.4845, 5.8704 ], [ 101.3934, 5.8748 ], [ 101.3748, 5.8334 ], [ 101.348, 5.8256 ], [ 101.3432, 5.8093 ], [ 101.2816, 5.8139 ], [ 101.2603, 5.7899 ], [ 101.2475, 5.7546 ], [ 101.2518, 5.7038 ], [ 101.2107, 5.6614 ], [ 101.1397, 5.6177 ], [ 101.0957, 5.701 ], [ 101.056, 5.7461 ], [ 101.0418, 5.7419 ], [ 100.9766, 5.7758 ], [ 100.9468, 5.7701 ], [ 100.9525, 5.7405 ], [ 100.9808, 5.7024 ], [ 100.9666, 5.6515 ], [ 100.9541, 5.6439 ], [ 100.9425, 5.6491 ], [ 100.9454, 5.6294 ], [ 100.9251, 5.6104 ], [ 100.9309, 5.5913 ], [ 100.9437, 5.5884 ], [ 100.9355, 5.571 ], [ 100.9413, 5.5427 ], [ 100.9198, 5.4987 ], [ 100.9012, 5.4912 ], [ 100.8879, 5.4982 ], [ 100.8675, 5.4634 ], [ 100.8669, 5.4282 ], [ 100.8768, 5.4172 ], [ 100.8989, 5.4189 ], [ 100.9088, 5.4096 ], [ 100.949, 5.2729 ], [ 100.9467, 5.2507 ], [ 100.9248, 5.2444 ], [ 100.9144, 5.22 ], [ 100.8924, 5.2048 ], [ 100.9307, 5.1563 ], [ 100.9185, 5.1292 ], [ 100.9196, 5.0881 ], [ 100.9087, 5.0652 ], [ 100.8866, 5.0545 ], [ 100.8787, 5.0308 ], [ 100.8928, 5.0069 ], [ 100.8647, 4.9888 ], [ 100.8711, 4.9703 ], [ 100.924, 4.9836 ], [ 101.0285, 4.9703 ], [ 101.0486, 5.0229 ], [ 101.0806, 5.0651 ], [ 101.0996, 5.0751 ], [ 101.139, 5.0618 ], [ 101.1762, 5.0666 ], [ 101.1907, 5.0537 ], [ 101.2502, 5.0722 ], [ 101.2718, 5.0548 ], [ 101.29, 5.0644 ], [ 101.3186, 5.0462 ], [ 101.3387, 5.0518 ], [ 101.3629, 5.0311 ], [ 101.3644, 4.9703 ], [ 101.4477, 4.997 ], [ 101.4629, 5.0707 ], [ 101.4838, 5.0892 ], [ 101.4778, 5.1129 ], [ 101.4864, 5.1307 ], [ 101.4841, 5.1701 ], [ 101.5114, 5.2002 ], [ 101.5248, 5.2708 ], [ 101.5451, 5.2638 ], [ 101.5486, 5.2812 ], [ 101.5718, 5.2916 ], [ 101.5776, 5.3269 ], [ 101.6108, 5.3472 ], [ 101.6549, 5.3425 ], [ 101.6706, 5.3269 ], [ 101.6974, 5.3321 ], [ 101.7526, 5.3744 ], [ 101.7392, 5.3894 ], [ 101.7456, 5.4206 ], [ 101.7363, 5.4617 ], [ 101.7473, 5.4744 ], [ 101.7467, 5.5028 ], [ 101.7258, 5.5005 ], [ 101.7177, 5.5115 ], [ 101.6904, 5.4999 ], [ 101.6642, 5.5086 ], [ 101.6561, 5.5236 ], [ 101.684, 5.5832 ], [ 101.6596, 5.6086 ], [ 101.6573, 5.6589 ], [ 101.6946, 5.7039 ] ] ] } },
{ "type": "Feature", "properties": { "id": "prk-kampar", "slug": "kampar", "name": "Kampar", "state": "Perak", "division": null, "area_km2": 670.14371259412655, "lon": 101.1874, "lat": 4.39391 }, "geometry": { "type": "Polygon", "coordinates": [ [ [ 101.3606, 4.5379 ], [ 101.2685, 4.539 ], [ 101.1552, 4.4897 ], [ 101.1221, 4.4943 ], [ 101.1273, 4.4752 ], [ 101.1128, 4.4578 ], [ 101.0849, 4.4584 ], [ 101.0802, 4.4399 ], [ 101.0535, 4.4492 ], [ 101.0605, 4.4289 ], [ 101.05, 4.4208 ], [ 101.0529, 4.4103 ], [ 101.0785, 4.3779 ], [ 101.0686, 4.3101 ], [ 101.0843, 4.2684 ], [ 101.0707, 4.2486 ], [ 101.1203, 4.2493 ], [ 101.1929, 4.2892 ], [ 101.1924, 4.3269 ], [ 101.2075, 4.3373 ], [ 101.2413, 4.3476 ], [ 101.2893, 4.3387 ], [ 101.2963, 4.3591 ], [ 101.3149, 4.3717 ], [ 101.3093, 4.3857 ], [ 101.3346, 4.4262 ], [ 101.3336, 4.447 ], [ 101.3571, 4.461 ], [ 101.3676, 4.4857 ], [ 101.3588, 4.4957 ], [ 101.3869, 4.5061 ], [ 101.3824, 4.5225 ], [ 101.3606, 4.5379 ] ] ] } },
{ "type": "Feature", "properties": { "id": "prk-kerian", "slug": "kerian", "name": "Kerian", "state": "Perak", "division": null, "area_km2": 919.65356008507729, "lon": 100.57846, "lat": 4.99094 }, "geometry": { "type": "Polygon", "coordinates": [ [ [ 100.6252, 5.14 ], [ 100.5886, 5.1222 ], [ 100.5849, 5.0974 ], [ 100.5509, 5.0763 ], [ 100.5537, 5.0863 ], [ 100.5449, 5.0827 ], [ 100.552, 5.0916 ], [ 100.5127, 5.0952 ], [ 100.5182, 5.1183 ], [ 100.5071, 5.1267 ], [ 100.4988, 5.1185 ], [ 100.4925, 5.1347 ], [ 100.4048, 5.1222 ], [ 100.3948, 5.1277 ], [ 100.3631, 5.0972 ], [ 100.3829, 5.0329 ], [ 100.4079, 4.9959 ], [ 100.423, 4.9976 ], [ 100.4212, 4.9605 ], [ 100.441, 4.9165 ], [ 100.4735, 4.9241 ], [ 100.4968, 4.9171 ], [ 100.4799, 4.894 ], [ 100.4898, 4.8708 ], [ 100.5578, 4.8558 ], [ 100.57, 4.8621 ], [ 100.5863, 4.8436 ], [ 100.624, 4.8424 ], [ 100.6246, 4.8662 ], [ 100.6333, 4.8702 ], [ 100.6287, 4.8847 ], [ 100.6397, 4.898 ], [ 100.7071, 4.9328 ], [ 100.7263, 4.9519 ], [ 100.7345, 4.9976 ], [ 100.7176, 5.1139 ], [ 100.6791, 5.1314 ], [ 100.6333, 5.1293 ], [ 100.6252, 5.14 ] ] ] } },
{ "type": "Feature", "properties": { "id": "prk-kinta", "slug": "kinta", "name": "Kinta", "state": "Perak", "division": null, "area_km2": 1287.8860810979727, "lon": 101.09298, "lat": 4.51514 }, "geometry": { "type": "Polygon", "coordinates": [ [ [ 100.998, 4.5823 ], [ 100.9487, 4.4511 ], [ 100.9444, 4.3927 ], [ 100.9709, 4.3898 ], [ 100.9705, 4.3731 ], [ 101.0114, 4.3368 ], [ 101.0103, 4.3012 ], [ 100.9932, 4.286 ], [ 101.0047, 4.253 ], [ 101.07, 4.249 ], [ 101.0843, 4.2684 ], [ 101.0686, 4.3101 ], [ 101.0785, 4.3779 ], [ 101.0529, 4.4103 ], [ 101.05, 4.4208 ], [ 101.0605, 4.4289 ], [ 101.0535, 4.4492 ], [ 101.0802, 4.4399 ], [ 101.0849, 4.4584 ], [ 101.1128, 4.4578 ], [ 101.1273, 4.4752 ], [ 101.1221, 4.4943 ], [ 101.1552, 4.4897 ], [ 101.2685, 4.539 ], [ 101.3606, 4.5379 ], [ 101.3483, 4.5918 ], [ 101.3733, 4.6103 ], [ 101.3763, 4.633 ], [ 101.3651, 4.6364 ], [ 101.3592, 4.6583 ], [ 101.3343, 4.6848 ], [ 101.3107, 4.6784 ], [ 101.2955, 4.6902 ], [ 101.2903, 4.7102 ], [ 101.2348, 4.7538 ], [ 101.2174, 4.7503 ], [ 101.1877, 4.7754 ], [ 101.1241, 4.7828 ], [ 101.0836, 4.7643 ], [ 101.0665, 4.7687 ], [ 101.039, 4.7309 ], [ 101.0345, 4.7127 ], [ 101.0427, 4.6979 ], [ 101.0311, 4.6924 ], [ 101.0118, 4.6468 ], [ 101.0144, 4.5986 ], [ 100.998, 4.5823 ] ] ] } },
{ "type": "Feature", "properties": { "id": "prk-kuala-kangsar", "slug": "kuala-kangsar", "name": "Kuala Kangsar", "state": "Perak", "division": null, "area_km2": 2549.3505838011392, "lon": 101.10979, "lat": 4.80558 }, "geometry": { "type": "MultiPolygon", "coordinates": [ [ [ [ 100.7381, 4.5226 ], [ 100.7379, 4.5226 ], [ 100.7382, 4.5227 ], [ 100.7381, 4.5226 ] ] ], [ [ [ 100.7382, 4.5227 ], [ 100.776, 4.583 ], [ 100.7872, 4.5837 ], [ 100.811, 4.6427 ], [ 100.7972, 4.6723 ], [ 100.8054, 4.6853 ], [ 100.7812, 4.7027 ], [ 100.8128, 4.7609 ], [ 100.8073, 4.8554 ], [ 100.8534, 4.8869 ], [ 100.8664, 4.9218 ], [ 100.8563, 4.9358 ], [ 100.8797, 4.9708 ], [ 100.924, 4.9836 ], [ 101.0285, 4.9703 ], [ 101.0486, 5.0229 ], [ 101.0955, 5.0744 ], [ 101.139, 5.0618 ], [ 101.1762, 5.0666 ], [ 101.197, 5.0533 ], [ 101.2502, 5.0722 ], [ 101.2718, 5.0548 ], [ 101.29, 5.0644 ], [ 101.3186, 5.0462 ], [ 101.3387, 5.0518 ], [ 101.3629, 5.0311 ], [ 101.3644, 4.9703 ], [ 101.4228, 4.9849 ], [ 101.4455, 4.957 ], [ 101.4529, 4.8951 ], [ 101.4354, 4.8762 ], [ 101.4458, 4.861 ], [ 101.4027, 4.8447 ], [ 101.415, 4.8132 ], [ 101.3974, 4.7647 ], [ 101.3752, 4.7595 ], [ 101.3871, 4.7201 ], [ 101.3795, 4.7085 ], [ 101.3419, 4.7116 ], [ 101.3343, 4.6848 ], [ 101.3107, 4.6784 ], [ 101.2679, 4.7308 ], [ 101.2522, 4.7332 ], [ 101.2348, 4.7538 ], [ 101.2174, 4.7503 ], [ 101.1877, 4.7754 ], [ 101.1241, 4.7828 ], [ 101.0836, 4.7643 ], [ 101.0665, 4.7687 ], [ 101.0371, 4.7261 ], [ 101.0427, 4.6979 ], [ 101.0311, 4.6924 ], [ 101.0118, 4.6468 ], [ 101.0144, 4.5986 ], [ 100.998, 4.5823 ], [ 100.9921, 4.5548 ], [ 100.9278, 4.5548 ], [ 100.9028, 4.5652 ], [ 100.7382, 4.5227 ] ] ] ] } },
{ "type": "Feature", "properties": { "id": "prk-larut-dan-matang", "slug": "larut-dan-matang", "name": "Larut dan Matang", "state": "Perak", "division": null, "area_km2": 1296.1435875601537, "lon": 100.68176, "lat": 4.81355 }, "geometry": { "type": "Polygon", "coordinates": [ [ [ 100.7381, 4.5226 ], [ 100.776, 4.583 ], [ 100.7872, 4.5837 ], [ 100.811, 4.6427 ], [ 100.7972, 4.6723 ], [ 100.8054, 4.6853 ], [ 100.7812, 4.7027 ], [ 100.8128, 4.7609 ], [ 100.8073, 4.8554 ], [ 100.8534, 4.8869 ], [ 100.8664, 4.9218 ], [ 100.8563, 4.9358 ], [ 100.8701, 4.9462 ], [ 100.875, 4.9676 ], [ 100.8647, 4.9888 ], [ 100.8928, 5.0069 ], [ 100.8787, 5.0308 ], [ 100.8866, 5.0545 ], [ 100.9087, 5.0652 ], [ 100.9164, 5.0843 ], [ 100.9073, 5.0907 ], [ 100.872, 5.0765 ], [ 100.8525, 5.0915 ], [ 100.8328, 5.0831 ], [ 100.753, 5.1036 ], [ 100.7361, 5.0975 ], [ 100.7208, 5.0841 ], [ 100.7345, 4.9976 ], [ 100.7217, 4.9449 ], [ 100.6397, 4.898 ], [ 100.6287, 4.8847 ], [ 100.6333, 4.8702 ], [ 100.6246, 4.8662 ], [ 100.624, 4.8424 ], [ 100.5863, 4.8436 ], [ 100.57, 4.8621 ], [ 100.5514, 4.848 ], [ 100.5663, 4.7921 ], [ 100.5986, 4.7828 ], [ 100.6243, 4.7935 ], [ 100.612, 4.775 ], [ 100.6191, 4.7639 ], [ 100.6001, 4.758 ], [ 100.5871, 4.7646 ], [ 100.577, 4.7513 ], [ 100.5927, 4.6668 ], [ 100.6518, 4.6798 ], [ 100.6339, 4.6549 ], [ 100.5941, 4.6275 ], [ 100.5804, 4.5674 ], [ 100.6198, 4.5545 ], [ 100.6533, 4.5671 ], [ 100.6533, 4.5938 ], [ 100.6577, 4.5648 ], [ 100.6436, 4.5393 ], [ 100.6241, 4.5301 ], [ 100.7381, 4.5226 ] ] ] } },
{ "type": "Feature", "properties": { "id": "prk-manjung", "slug": "manjung", "name": "Manjung", "state": "Perak", "division": null, "area_km2": 1069.5576596271967, "lon": 100.69652, "lat": 4.27823 }, "geometry": { "type": "MultiPolygon", "coordinates": [ [ [ [ 100.5474, 4.1999 ], [ 100.5474, 4.1876 ], [ 100.5393, 4.1871 ], [ 100.539, 4.2 ], [ 100.5474, 4.1999 ] ] ], [ [ [ 100.6054, 4.214 ], [ 100.5982, 4.2023 ], [ 100.5971, 4.2101 ], [ 100.6054, 4.214 ] ] ], [ [ [ 100.5465, 4.2656 ], [ 100.5525, 4.2502 ], [ 100.5696, 4.2487 ], [ 100.5803, 4.1886 ], [ 100.5619, 4.1917 ], [ 100.5585, 4.209 ], [ 100.5289, 4.2302 ], [ 100.5441, 4.2283 ], [ 100.5366, 4.2444 ], [ 100.5462, 4.2533 ], [ 100.5363, 4.2632 ], [ 100.5465, 4.2656 ] ] ], [ [ [ 100.7381, 4.5226 ], [ 100.8553, 4.5526 ], [ 100.8594, 4.5382 ], [ 100.8504, 4.486 ], [ 100.8371, 4.4874 ], [ 100.8297, 4.4767 ], [ 100.8199, 4.4852 ], [ 100.8054, 4.4807 ], [ 100.8068, 4.3806 ], [ 100.7945, 4.373 ], [ 100.8037, 4.3485 ], [ 100.8214, 4.3552 ], [ 100.8252, 4.2857 ], [ 100.8128, 4.2857 ], [ 100.7999, 4.2681 ], [ 100.7926, 4.2104 ], [ 100.7716, 4.1857 ], [ 100.7747, 4.1653 ], [ 100.7642, 4.1363 ], [ 100.7887, 4.1133 ], [ 100.7995, 4.0782 ], [ 100.813, 4.0822 ], [ 100.8315, 4.0458 ], [ 100.7676, 4.0035 ], [ 100.7664, 4.0603 ], [ 100.7496, 4.1049 ], [ 100.7286, 4.1183 ], [ 100.7106, 4.149 ], [ 100.6572, 4.1716 ], [ 100.6229, 4.1612 ], [ 100.602, 4.1919 ], [ 100.6107, 4.2133 ], [ 100.5921, 4.2435 ], [ 100.6368, 4.2336 ], [ 100.6612, 4.2637 ], [ 100.631, 4.2469 ], [ 100.5898, 4.2568 ], [ 100.5863, 4.2956 ], [ 100.5741, 4.313 ], [ 100.5561, 4.3107 ], [ 100.5857, 4.3704 ], [ 100.5822, 4.4225 ], [ 100.6101, 4.426 ], [ 100.6243, 4.5301 ], [ 100.7381, 4.5226 ] ] ] ] } },
{ "type": "Feature", "properties": { "id": "prk-muallim", "slug": "muallim", "name": "Muallim", "state": "Perak", "division": null, "area_km2": 940.61941760777188, "lon": 101.4745, "lat": 3.89741 }, "geometry": { "type": "Polygon", "coordinates": [ [ [ 101.3435, 3.7043 ], [ 101.3365, 3.7455 ], [ 101.3231, 3.767 ], [ 101.3283, 3.7849 ], [ 101.358, 3.8023 ], [ 101.3743, 3.8006 ], [ 101.3992, 3.7641 ], [ 101.4411, 3.7501 ], [ 101.4626, 3.7153 ], [ 101.5236, 3.6805 ], [ 101.5666, 3.6979 ], [ 101.5782, 3.7467 ], [ 101.6015, 3.7716 ], [ 101.6247, 3.7785 ], [ 101.591, 3.8006 ], [ 101.5898, 3.8365 ], [ 101.6021, 3.8464 ], [ 101.6044, 3.8789 ], [ 101.573, 3.9119 ], [ 101.5736, 3.9942 ], [ 101.5585, 4.0099 ], [ 101.5585, 4.029 ], [ 101.5829, 4.0771 ], [ 101.5329, 4.1264 ], [ 101.5137, 4.1165 ], [ 101.4975, 4.091 ], [ 101.4835, 4.0342 ], [ 101.4632, 4.0267 ], [ 101.4701, 4.0012 ], [ 101.4562, 3.9821 ], [ 101.4626, 3.9577 ], [ 101.4254, 3.9554 ], [ 101.3661, 3.8957 ], [ 101.3818, 3.8835 ], [ 101.3836, 3.8354 ], [ 101.3743, 3.822 ], [ 101.3167, 3.8104 ], [ 101.2592, 3.8435 ], [ 101.2441, 3.8406 ], [ 101.2516, 3.6753 ], [ 101.301, 3.6718 ], [ 101.3435, 3.7043 ] ] ] } },
{ "type": "Feature", "properties": { "id": "prk-perak-tengah", "slug": "perak-tengah", "name": "Perak Tengah", "state": "Perak", "division": null, "area_km2": 1282.8399156266205, "lon": 100.89998, "lat": 4.26665 }, "geometry": { "type": "Polygon", "coordinates": [ [ [ 100.8553, 4.5526 ], [ 100.8592, 4.5106 ], [ 100.8504, 4.486 ], [ 100.8371, 4.4874 ], [ 100.8297, 4.4767 ], [ 100.8199, 4.4852 ], [ 100.8054, 4.4807 ], [ 100.8068, 4.3806 ], [ 100.7945, 4.373 ], [ 100.8037, 4.3485 ], [ 100.8214, 4.3552 ], [ 100.8252, 4.2857 ], [ 100.8128, 4.2857 ], [ 100.7999, 4.2681 ], [ 100.7926, 4.2104 ], [ 100.7716, 4.1857 ], [ 100.764, 4.1318 ], [ 100.7887, 4.1133 ], [ 100.7995, 4.0782 ], [ 100.813, 4.0822 ], [ 100.8254, 4.0511 ], [ 100.863, 4.0378 ], [ 100.869, 4.013 ], [ 100.8589, 3.9807 ], [ 100.8742, 3.9651 ], [ 100.8984, 3.9941 ], [ 100.8861, 4.0141 ], [ 100.8995, 4.0063 ], [ 100.9095, 4.0249 ], [ 100.9278, 4.0315 ], [ 100.9211, 4.0631 ], [ 100.9672, 4.0449 ], [ 100.978, 4.0638 ], [ 100.9992, 4.0601 ], [ 101.0244, 4.079 ], [ 101.017, 4.0998 ], [ 101.0259, 4.1098 ], [ 101.0181, 4.1146 ], [ 101.1011, 4.1809 ], [ 101.0703, 4.2495 ], [ 100.9999, 4.2589 ], [ 100.9932, 4.286 ], [ 101.0103, 4.3012 ], [ 101.0114, 4.3368 ], [ 100.9705, 4.3731 ], [ 100.9709, 4.3898 ], [ 100.9444, 4.3927 ], [ 100.9487, 4.4511 ], [ 100.9949, 4.5604 ], [ 100.9278, 4.5548 ], [ 100.9028, 4.5652 ], [ 100.8553, 4.5526 ] ] ] } },
{ "type": "Feature", "properties": { "id": "prk-selama", "slug": "selama", "name": "Selama", "state": "Perak", "division": null, "area_km2": 758.72127743142005, "lon": 100.82401, "lat": 5.25236 }, "geometry": { "type": "Polygon", "coordinates": [ [ [ 100.8669, 5.4282 ], [ 100.8518, 5.409 ], [ 100.8609, 5.3972 ], [ 100.8491, 5.3548 ], [ 100.8129, 5.3246 ], [ 100.7374, 5.3148 ], [ 100.7292, 5.2702 ], [ 100.6949, 5.2476 ], [ 100.6641, 5.1898 ], [ 100.6316, 5.166 ], [ 100.6246, 5.1458 ], [ 100.6333, 5.1293 ], [ 100.7071, 5.1249 ], [ 100.7176, 5.1139 ], [ 100.7224, 5.0821 ], [ 100.753, 5.1036 ], [ 100.8328, 5.0831 ], [ 100.8525, 5.0915 ], [ 100.872, 5.0765 ], [ 100.9073, 5.0907 ], [ 100.9177, 5.0851 ], [ 100.9248, 5.1096 ], [ 100.9185, 5.1292 ], [ 100.9307, 5.1563 ], [ 100.8924, 5.2048 ], [ 100.9144, 5.22 ], [ 100.9248, 5.2444 ], [ 100.9467, 5.2507 ], [ 100.949, 5.2729 ], [ 100.9088, 5.4096 ], [ 100.8989, 5.4189 ], [ 100.8768, 5.4172 ], [ 100.8669, 5.4282 ] ] ] } },
{ "type": "Feature", "properties": { "id": "sbh-beaufort", "slug": "beaufort", "name": "Beaufort", "state": "Sabah", "division": "Interior", "area_km2": 1803.675751082108, "lon": 115.67315, "lat": 5.29886 }, "geometry": { "type": "Polygon", "coordinates": [ [ [ 115.7721, 5.058 ], [ 115.7923, 5.0959 ], [ 115.7815, 5.1259 ], [ 115.7975, 5.1529 ], [ 115.7875, 5.1681 ], [ 115.815, 5.227 ], [ 115.8254, 5.2348 ], [ 115.8313, 5.224 ], [ 115.8637, 5.2944 ], [ 115.8868, 5.3063 ], [ 115.9299, 5.2915 ], [ 115.9466, 5.3081 ], [ 115.9507, 5.3588 ], [ 115.9779, 5.364 ], [ 115.9254, 5.4051 ], [ 115.8897, 5.4003 ], [ 115.8894, 5.4196 ], [ 115.876, 5.4188 ], [ 115.8648, 5.4618 ], [ 115.8035, 5.5399 ], [ 115.7495, 5.531 ], [ 115.6547, 5.541 ], [ 115.6543, 5.5218 ], [ 115.5985, 5.5184 ], [ 115.4982, 5.4056 ], [ 115.4825, 5.3703 ], [ 115.4732, 5.3072 ], [ 115.4406, 5.276 ], [ 115.4313, 5.2482 ], [ 115.5016, 5.2071 ], [ 115.5545, 5.2013 ], [ 115.5516, 5.184 ], [ 115.597, 5.2251 ], [ 115.5877, 5.206 ], [ 115.5952, 5.1863 ], [ 115.5801, 5.1799 ], [ 115.5743, 5.1886 ], [ 115.5717, 5.1593 ], [ 115.5795, 5.1637 ], [ 115.637, 5.1319 ], [ 115.694, 5.0613 ], [ 115.7149, 5.0584 ], [ 115.748, 5.0734 ], [ 115.7721, 5.058 ] ] ] } },
{ "type": "Feature", "properties": { "id": "sbh-beluran", "slug": "beluran", "name": "Beluran", "state": "Sabah", "division": "Sandakan", "area_km2": 5646.6978081761254, "lon": 117.36069, "lat": 6.14351 }, "geometry": { "type": "MultiPolygon", "coordinates": [ [ [ [ 117.7252, 6.0334 ], [ 117.7128, 6.0159 ], [ 117.7162, 5.9839 ], [ 117.6934, 5.9596 ], [ 117.6977, 5.9545 ], [ 117.6862, 5.9421 ], [ 117.6664, 5.9412 ], [ 117.6883, 5.9664 ], [ 117.6973, 6.0287 ], [ 117.7252, 6.0334 ] ] ], [ [ [ 117.0892, 6.0422 ], [ 117.0916, 6.0723 ], [ 117.1288, 6.1179 ], [ 117.1044, 6.152 ], [ 117.0898, 6.1959 ], [ 117.0683, 6.1867 ], [ 117.0346, 6.2017 ], [ 116.9963, 6.2548 ], [ 116.9835, 6.2502 ], [ 116.9835, 6.2652 ], [ 116.9422, 6.2652 ], [ 116.9062, 6.2929 ], [ 116.9277, 6.3184 ], [ 116.9527, 6.3161 ], [ 116.9672, 6.3374 ], [ 116.9922, 6.3374 ], [ 117.0154, 6.3507 ], [ 117.0788, 6.3276 ], [ 117.0962, 6.338 ], [ 117.0939, 6.3582 ], [ 117.1061, 6.3825 ], [ 117.0863, 6.3992 ], [ 117.0904, 6.4246 ], [ 117.0778, 6.4484 ], [ 117.1053, 6.4693 ], [ 117.1334, 6.4713 ], [ 117.0986, 6.5046 ], [ 117.1012, 6.5279 ], [ 117.1321, 6.5293 ], [ 117.1381, 6.5512 ], [ 117.2111, 6.5581 ], [ 117.2416, 6.5815 ], [ 117.266, 6.5755 ], [ 117.2871, 6.6131 ], [ 117.2836, 6.6254 ], [ 117.2914, 6.6271 ], [ 117.2918, 6.6165 ], [ 117.3081, 6.6084 ], [ 117.3227, 6.622 ], [ 117.333, 6.6067 ], [ 117.3557, 6.6186 ], [ 117.3699, 6.6058 ], [ 117.378, 6.6101 ], [ 117.3956, 6.5964 ], [ 117.4068, 6.5623 ], [ 117.4291, 6.5534 ], [ 117.4617, 6.5589 ], [ 117.4733, 6.5444 ], [ 117.481, 6.5743 ], [ 117.5235, 6.6292 ], [ 117.5265, 6.5981 ], [ 117.5604, 6.5363 ], [ 117.6046, 6.5086 ], [ 117.6312, 6.5116 ], [ 117.6432, 6.4979 ], [ 117.6595, 6.4971 ], [ 117.6819, 6.4711 ], [ 117.7329, 6.4417 ], [ 117.7415, 6.4225 ], [ 117.7196, 6.35 ], [ 117.7338, 6.3065 ], [ 117.7188, 6.245 ], [ 117.7067, 6.2288 ], [ 117.6686, 6.2446 ], [ 117.6484, 6.2433 ], [ 117.6282, 6.2152 ], [ 117.6085, 6.2156 ], [ 117.584, 6.1759 ], [ 117.6059, 6.1648 ], [ 117.6184, 6.129 ], [ 117.6342, 6.1154 ], [ 117.6106, 6.0991 ], [ 117.6072, 6.0787 ], [ 117.6184, 6.0983 ], [ 117.6402, 6.1038 ], [ 117.6548, 6.0748 ], [ 117.6574, 6.056 ], [ 117.6248, 6.0309 ], [ 117.6256, 6.0048 ], [ 117.645, 6.0236 ], [ 117.6574, 6.0053 ], [ 117.6784, 5.9976 ], [ 117.6819, 5.9698 ], [ 117.6296, 5.922 ], [ 117.5759, 5.9214 ], [ 117.5082, 5.89 ], [ 117.5102, 5.8833 ], [ 117.5994, 5.906 ], [ 117.622, 5.8954 ], [ 117.6176, 5.8556 ], [ 117.6407, 5.8348 ], [ 117.7025, 5.7347 ], [ 117.6806, 5.7171 ], [ 117.6209, 5.7171 ], [ 117.5883, 5.6975 ], [ 117.4832, 5.6915 ], [ 117.4284, 5.6599 ], [ 117.4135, 5.6654 ], [ 117.4013, 5.7066 ], [ 117.3714, 5.7549 ], [ 117.373, 5.7973 ], [ 117.336, 5.8268 ], [ 117.3279, 5.8667 ], [ 117.3413, 5.898 ], [ 117.3299, 5.9547 ], [ 117.3191, 5.958 ], [ 117.3252, 5.9987 ], [ 117.3188, 6.004 ], [ 117.2111, 5.9609 ], [ 117.1991, 5.8734 ], [ 117.1935, 5.8653 ], [ 117.1545, 5.8593 ], [ 117.13, 5.9011 ], [ 117.1257, 5.9472 ], [ 117.1154, 5.9626 ], [ 117.1193, 5.9971 ], [ 117.1352, 6.0159 ], [ 117.1309, 6.0484 ], [ 117.0892, 6.0422 ] ] ], [ [ [ 117.4754, 6.7371 ], [ 117.5089, 6.6958 ], [ 117.5102, 6.6765 ], [ 117.4814, 6.6432 ], [ 117.4244, 6.6205 ], [ 117.415, 6.6272 ], [ 117.3956, 6.6218 ], [ 117.3728, 6.6365 ], [ 117.344, 6.6372 ], [ 117.3252, 6.6558 ], [ 117.3279, 6.6698 ], [ 117.35, 6.6804 ], [ 117.4016, 6.6738 ], [ 117.4338, 6.6911 ], [ 117.4258, 6.7038 ], [ 117.3936, 6.7151 ], [ 117.3875, 6.7364 ], [ 117.3942, 6.745 ], [ 117.4144, 6.7537 ], [ 117.4633, 6.7504 ], [ 117.4693, 6.7577 ], [ 117.4754, 6.7371 ] ] ] ] } },
{ "type": "Feature", "properties": { "id": "sbh-kalabakan", "slug": "kalabakan", "name": "Kalabakan", "state": "Sabah", "division": "Tawau", "area_km2": 3967.4618129497994, "lon": 117.38997, "lat": 4.4816 }, "geometry": { "type": "MultiPolygon", "coordinates": [ [ [ [ 117.5526, 4.2203 ], [ 117.6109, 4.1892 ], [ 117.6221, 4.161 ], [ 117.5741, 4.184 ], [ 117.5444, 4.171 ], [ 117.5407, 4.2033 ], [ 117.5533, 4.2081 ], [ 117.5526, 4.2203 ] ] ], [ [ [ 117.6734, 4.2637 ], [ 117.756, 4.2578 ], [ 117.7776, 4.2415 ], [ 117.7787, 4.227 ], [ 117.8185, 4.1992 ], [ 117.8828, 4.1844 ], [ 117.9025, 4.164 ], [ 117.6861, 4.1621 ], [ 117.6277, 4.204 ], [ 117.6254, 4.2152 ], [ 117.6734, 4.2637 ] ] ], [ [ [ 117.6519, 4.3935 ], [ 117.64, 4.3832 ], [ 117.6284, 4.3965 ], [ 117.6403, 4.3998 ], [ 117.6481, 4.4128 ], [ 117.6519, 4.3935 ] ] ], [ [ [ 117.6299, 4.4069 ], [ 117.6344, 4.4176 ], [ 117.6426, 4.4173 ], [ 117.6392, 4.405 ], [ 117.6299, 4.4069 ] ] ], [ [ [ 116.9579, 4.3669 ], [ 117.0381, 4.3912 ], [ 117.0428, 4.4092 ], [ 117.0306, 4.4434 ], [ 117.0625, 4.4996 ], [ 117.0904, 4.532 ], [ 117.1375, 4.5459 ], [ 117.1009, 4.5957 ], [ 117.0683, 4.6009 ], [ 117.048, 4.6253 ], [ 117.0747, 4.6531 ], [ 117.0933, 4.7052 ], [ 117.1119, 4.6971 ], [ 117.1497, 4.7023 ], [ 117.1811, 4.6901 ], [ 117.2223, 4.6913 ], [ 117.2618, 4.7069 ], [ 117.288, 4.7533 ], [ 117.3199, 4.7614 ], [ 117.3769, 4.7139 ], [ 117.3978, 4.6826 ], [ 117.4333, 4.6757 ], [ 117.4827, 4.7185 ], [ 117.4681, 4.7938 ], [ 117.4792, 4.7822 ], [ 117.5326, 4.7834 ], [ 117.6227, 4.7394 ], [ 117.6349, 4.7544 ], [ 117.6698, 4.7538 ], [ 117.7122, 4.7741 ], [ 117.7494, 4.7544 ], [ 117.7691, 4.7284 ], [ 117.7738, 4.7017 ], [ 117.7901, 4.7023 ], [ 117.7901, 4.6733 ], [ 117.8238, 4.6339 ], [ 117.8087, 4.5529 ], [ 117.7691, 4.5042 ], [ 117.7186, 4.4787 ], [ 117.7046, 4.4463 ], [ 117.7116, 4.419 ], [ 117.6988, 4.4347 ], [ 117.6936, 4.4254 ], [ 117.707, 4.3773 ], [ 117.6767, 4.3895 ], [ 117.6802, 4.4173 ], [ 117.6645, 4.4324 ], [ 117.6506, 4.4312 ], [ 117.6541, 4.4364 ], [ 117.625, 4.4173 ], [ 117.6, 4.4156 ], [ 117.6134, 4.3982 ], [ 117.5884, 4.3999 ], [ 117.6006, 4.3721 ], [ 117.6262, 4.3472 ], [ 117.6221, 4.3014 ], [ 117.6582, 4.2776 ], [ 117.6419, 4.2794 ], [ 117.6506, 4.2527 ], [ 117.6221, 4.2319 ], [ 117.5913, 4.2342 ], [ 117.6053, 4.2226 ], [ 117.6035, 4.204 ], [ 117.5477, 4.2238 ], [ 117.5506, 4.2122 ], [ 117.5361, 4.2046 ], [ 117.5396, 4.1768 ], [ 117.528, 4.1646 ], [ 117.4763, 4.1832 ], [ 117.4652, 4.1774 ], [ 117.4245, 4.222 ], [ 117.4321, 4.229 ], [ 117.4222, 4.2458 ], [ 117.3804, 4.2678 ], [ 117.3699, 4.2887 ], [ 117.3499, 4.2889 ], [ 117.3064, 4.317 ], [ 117.2501, 4.3695 ], [ 117.2237, 4.3605 ], [ 117.2083, 4.3387 ], [ 117.1974, 4.3433 ], [ 117.1702, 4.3333 ], [ 117.142, 4.3433 ], [ 117.1039, 4.3297 ], [ 117.0458, 4.3424 ], [ 117.0149, 4.3161 ], [ 116.9931, 4.3387 ], [ 116.9577, 4.3387 ], [ 116.9468, 4.3541 ], [ 116.9579, 4.3669 ] ] ] ] } },
{ "type": "Feature", "properties": { "id": "sbh-keningau", "slug": "keningau", "name": "Keningau", "state": "Sabah", "division": "Interior", "area_km2": 3653.7313672075684, "lon": 116.25603, "lat": 5.24185 }, "geometry": { "type": "Polygon", "coordinates": [ [ [ 116.0746, 4.861 ], [ 116.1008, 4.8656 ], [ 116.124, 4.8465 ], [ 116.1507, 4.8442 ], [ 116.1827, 4.8801 ], [ 116.1862, 4.9339 ], [ 116.2373, 5.0179 ], [ 116.3076, 5.0208 ], [ 116.3443, 5.0375 ], [ 116.3634, 5.0862 ], [ 116.4494, 5.0995 ], [ 116.4689, 5.1339 ], [ 116.464, 5.1875 ], [ 116.4535, 5.2042 ], [ 116.4599, 5.2204 ], [ 116.4814, 5.2482 ], [ 116.5273, 5.2627 ], [ 116.5569, 5.2986 ], [ 116.5947, 5.2939 ], [ 116.5593, 5.3744 ], [ 116.5836, 5.3963 ], [ 116.5819, 5.4488 ], [ 116.6328, 5.4325 ], [ 116.6503, 5.4459 ], [ 116.654, 5.4718 ], [ 116.6391, 5.4973 ], [ 116.6588, 5.5403 ], [ 116.641, 5.5421 ], [ 116.6324, 5.5595 ], [ 116.599, 5.5491 ], [ 116.5469, 5.5658 ], [ 116.4651, 5.5317 ], [ 116.3855, 5.5336 ], [ 116.3654, 5.4944 ], [ 116.3416, 5.4918 ], [ 116.2996, 5.5081 ], [ 116.2546, 5.5399 ], [ 116.2349, 5.5743 ], [ 116.194, 5.6061 ], [ 116.1802, 5.6291 ], [ 116.1144, 5.6102 ], [ 116.0999, 5.578 ], [ 116.0891, 5.5788 ], [ 116.0742, 5.5602 ], [ 116.0608, 5.5214 ], [ 116.0749, 5.5003 ], [ 116.0616, 5.4681 ], [ 116.0296, 5.4547 ], [ 116.0192, 5.4381 ], [ 115.992, 5.4388 ], [ 115.9827, 5.414 ], [ 115.9842, 5.3948 ], [ 116.008, 5.3862 ], [ 116.0136, 5.3603 ], [ 116.0065, 5.2981 ], [ 116.0277, 5.2848 ], [ 116.0348, 5.2681 ], [ 116.0359, 5.2196 ], [ 115.9976, 5.0714 ], [ 116.0006, 5.0059 ], [ 115.9812, 4.967 ], [ 115.9928, 4.9392 ], [ 116.0303, 4.9251 ], [ 116.0378, 4.8829 ], [ 116.0746, 4.861 ] ] ] } },
{ "type": "Feature", "properties": { "id": "sbh-kinabatangan", "slug": "kinabatangan", "name": "Kinabatangan", "state": "Sabah", "division": "Sandakan", "area_km2": 7307.2250921339073, "lon": 118.11694, "lat": 5.32616 }, "geometry": { "type": "Polygon", "coordinates": [ [ [ 118.8056, 5.4623 ], [ 118.815, 5.5062 ], [ 118.7306, 5.5478 ], [ 118.6454, 5.6385 ], [ 118.6219, 5.6439 ], [ 118.5944, 5.6278 ], [ 118.5797, 5.5644 ], [ 118.5556, 5.5191 ], [ 118.5475, 5.5524 ], [ 118.5757, 5.5905 ], [ 118.5703, 5.6198 ], [ 118.6052, 5.6499 ], [ 118.6005, 5.6579 ], [ 118.5287, 5.7166 ], [ 118.3785, 5.8 ], [ 118.3497, 5.828 ], [ 118.3484, 5.8033 ], [ 118.3718, 5.7866 ], [ 118.3718, 5.7706 ], [ 118.3571, 5.7926 ], [ 118.3376, 5.7926 ], [ 118.335, 5.7533 ], [ 118.3014, 5.7119 ], [ 118.2987, 5.6839 ], [ 118.2766, 5.6766 ], [ 118.2545, 5.6479 ], [ 118.2646, 5.6278 ], [ 118.166, 5.5691 ], [ 118.1465, 5.5831 ], [ 118.1043, 5.5678 ], [ 118.1043, 5.5131 ], [ 118.0359, 5.5131 ], [ 118.0339, 5.5538 ], [ 117.9367, 5.5618 ], [ 117.8918, 5.5898 ], [ 117.928, 5.6532 ], [ 117.8783, 5.6625 ], [ 117.8294, 5.6292 ], [ 117.8066, 5.6605 ], [ 117.8133, 5.6759 ], [ 117.8066, 5.7012 ], [ 117.7858, 5.6792 ], [ 117.763, 5.6912 ], [ 117.7275, 5.6906 ], [ 117.7029, 5.7355 ], [ 117.6806, 5.7171 ], [ 117.6209, 5.7171 ], [ 117.5883, 5.6975 ], [ 117.4832, 5.6915 ], [ 117.4284, 5.6599 ], [ 117.4271, 5.6352 ], [ 117.4338, 5.6172 ], [ 117.4693, 5.5945 ], [ 117.4821, 5.5738 ], [ 117.4835, 5.2759 ], [ 117.472, 5.2686 ], [ 117.4668, 5.2748 ], [ 117.4785, 4.8287 ], [ 117.4901, 4.8506 ], [ 117.523, 4.8627 ], [ 117.527, 4.8901 ], [ 117.5129, 4.9402 ], [ 117.5914, 4.9762 ], [ 117.5994, 4.9916 ], [ 117.5907, 4.9996 ], [ 117.6792, 5.0404 ], [ 117.6899, 5.1192 ], [ 117.704, 5.1285 ], [ 117.7161, 5.1672 ], [ 117.765, 5.1966 ], [ 117.7838, 5.2293 ], [ 117.8421, 5.2133 ], [ 117.883, 5.2207 ], [ 117.934, 5.1933 ], [ 117.9984, 5.1859 ], [ 118.2451, 5.2273 ], [ 118.2974, 5.246 ], [ 118.3591, 5.2981 ], [ 118.7238, 5.2888 ], [ 118.7641, 5.3495 ], [ 118.7654, 5.3682 ], [ 118.7882, 5.3869 ], [ 118.7869, 5.4023 ], [ 118.8144, 5.4303 ], [ 118.8056, 5.4623 ] ] ] } },
{ "type": "Feature", "properties": { "id": "sbh-kota-belud", "slug": "kota-belud", "name": "Kota Belud", "state": "Sabah", "division": "West Coast", "area_km2": 1326.5967074668877, "lon": 116.47321, "lat": 6.34352 }, "geometry": { "type": "MultiPolygon", "coordinates": [ [ [ [ 116.4988, 6.0191 ], [ 116.4669, 6.022 ], [ 116.4134, 6.1144 ], [ 116.4268, 6.1381 ], [ 116.4117, 6.182 ], [ 116.4099, 6.2236 ], [ 116.3803, 6.2502 ], [ 116.3634, 6.2981 ], [ 116.3585, 6.3046 ], [ 116.3074, 6.292 ], [ 116.2888, 6.2979 ], [ 116.307, 6.2982 ], [ 116.3115, 6.3093 ], [ 116.3204, 6.3005 ], [ 116.3308, 6.3112 ], [ 116.3208, 6.3138 ], [ 116.3219, 6.3219 ], [ 116.3093, 6.3208 ], [ 116.3293, 6.3363 ], [ 116.3115, 6.3396 ], [ 116.3267, 6.347 ], [ 116.3096, 6.357 ], [ 116.3223, 6.3729 ], [ 116.3371, 6.3611 ], [ 116.3464, 6.3714 ], [ 116.3364, 6.3888 ], [ 116.3457, 6.3862 ], [ 116.4748, 6.4712 ], [ 116.4997, 6.513 ], [ 116.4971, 6.5337 ], [ 116.5424, 6.5898 ], [ 116.5726, 6.6504 ], [ 116.6205, 6.6711 ], [ 116.66, 6.6342 ], [ 116.6328, 6.5987 ], [ 116.628, 6.5573 ], [ 116.6183, 6.5484 ], [ 116.6276, 6.53 ], [ 116.5975, 6.4638 ], [ 116.593, 6.4132 ], [ 116.6127, 6.3984 ], [ 116.6049, 6.3869 ], [ 116.6127, 6.3651 ], [ 116.6019, 6.3511 ], [ 116.6503, 6.3352 ], [ 116.6406, 6.289 ], [ 116.6235, 6.2805 ], [ 116.6172, 6.2653 ], [ 116.6202, 6.2413 ], [ 116.6462, 6.2261 ], [ 116.6272, 6.2029 ], [ 116.5807, 6.174 ], [ 116.5369, 6.0671 ], [ 116.4988, 6.0191 ] ] ], [ [ [ 116.3385, 6.4017 ], [ 116.3345, 6.3906 ], [ 116.3257, 6.3968 ], [ 116.3327, 6.397 ], [ 116.3385, 6.4017 ] ] ] ] } },
{ "type": "Feature", "properties": { "id": "sbh-kota-kinabalu", "slug": "kota-kinabalu", "name": "Kota Kinabalu", "state": "Sabah", "division": "West Coast", "area_km2": 345.16530045558738, "lon": 116.19244, "lat": 6.00076 }, "geometry": { "type": "MultiPolygon", "coordinates": [ [ [ [ 115.9944, 5.9586 ], [ 115.9918, 5.961 ], [ 115.9929, 5.9618 ], [ 115.9944, 5.9586 ] ] ], [ [ [ 116.0128, 5.965 ], [ 116.013, 5.9677 ], [ 116.0151, 5.9657 ], [ 116.0128, 5.965 ] ] ], [ [ [ 116.0002, 5.9777 ], [ 116.0017, 5.9747 ], [ 115.9946, 5.9706 ], [ 116.0002, 5.9777 ] ] ], [ [ [ 116.0615, 5.9281 ], [ 116.0589, 5.9162 ], [ 116.0403, 5.9151 ], [ 116.0467, 5.9323 ], [ 116.041, 5.9567 ], [ 116.0835, 5.9947 ], [ 116.104, 5.9939 ], [ 116.1136, 6.0113 ], [ 116.1125, 6.0531 ], [ 116.1266, 6.062 ], [ 116.1289, 6.0757 ], [ 116.1278, 6.0912 ], [ 116.1155, 6.0975 ], [ 116.1028, 6.0808 ], [ 116.0869, 6.1078 ], [ 116.1345, 6.1404 ], [ 116.1304, 6.1219 ], [ 116.1423, 6.0978 ], [ 116.1914, 6.1248 ], [ 116.1914, 6.0919 ], [ 116.2133, 6.0797 ], [ 116.2096, 6.0627 ], [ 116.2245, 6.0405 ], [ 116.2921, 6.0461 ], [ 116.2884, 6.0305 ], [ 116.2762, 6.0302 ], [ 116.2732, 5.9843 ], [ 116.259, 5.9802 ], [ 116.2438, 5.958 ], [ 116.2876, 5.8605 ], [ 116.2483, 5.8767 ], [ 116.1986, 5.9478 ], [ 116.1598, 5.9693 ], [ 116.0932, 5.9593 ], [ 116.0832, 5.9399 ], [ 116.0748, 5.942 ], [ 116.0813, 5.938 ], [ 116.0615, 5.9281 ] ] ], [ [ [ 116.0093, 6.0076 ], [ 116.0051, 6.0063 ], [ 116.0043, 6.0123 ], [ 116.0093, 6.0076 ] ] ], [ [ [ 116.0229, 6.0294 ], [ 116.0502, 6.0316 ], [ 116.0453, 6.0151 ], [ 116.0575, 6.0073 ], [ 116.0628, 6.0177 ], [ 116.0642, 5.9954 ], [ 116.0523, 6.0045 ], [ 116.041, 5.9932 ], [ 116.0317, 6.0124 ], [ 116.0234, 6.0063 ], [ 116.0081, 6.0136 ], [ 116.0113, 6.0421 ], [ 116.0229, 6.0294 ] ] ], [ [ [ 116.0805, 6.0774 ], [ 116.0758, 6.0618 ], [ 116.0674, 6.0592 ], [ 116.072, 6.0742 ], [ 116.0805, 6.0774 ] ] ] ] } },
{ "type": "Feature", "properties": { "id": "sbh-kota-marudu", "slug": "kota-marudu", "name": "Kota Marudu", "state": "Sabah", "division": "Kudat", "area_km2": 1800.6815794112615, "lon": 116.83665, "lat": 6.45335 }, "geometry": { "type": "Polygon", "coordinates": [ [ [ 116.6202, 6.2413 ], [ 116.6604, 6.208 ], [ 116.6935, 6.2271 ], [ 116.7278, 6.2277 ], [ 116.7336, 6.2392 ], [ 116.8016, 6.2242 ], [ 116.7975, 6.2363 ], [ 116.837, 6.2404 ], [ 116.8429, 6.2537 ], [ 116.8678, 6.2641 ], [ 116.8684, 6.2756 ], [ 116.9062, 6.2929 ], [ 116.9277, 6.3184 ], [ 116.9527, 6.3161 ], [ 116.9672, 6.3374 ], [ 117.0259, 6.3513 ], [ 117.0602, 6.3316 ], [ 117.0887, 6.3305 ], [ 117.1061, 6.3825 ], [ 117.0863, 6.3992 ], [ 117.0904, 6.4246 ], [ 117.073, 6.4558 ], [ 117.0337, 6.4875 ], [ 116.9779, 6.5015 ], [ 116.9664, 6.5573 ], [ 116.9126, 6.6296 ], [ 116.8911, 6.6359 ], [ 116.876, 6.6183 ], [ 116.8593, 6.6153 ], [ 116.8552, 6.5787 ], [ 116.795, 6.5658 ], [ 116.7555, 6.5935 ], [ 116.7533, 6.6785 ], [ 116.702, 6.6774 ], [ 116.6841, 6.6866 ], [ 116.6395, 6.6818 ], [ 116.6414, 6.6995 ], [ 116.635, 6.6988 ], [ 116.6205, 6.6711 ], [ 116.66, 6.6342 ], [ 116.6328, 6.5987 ], [ 116.628, 6.5573 ], [ 116.6183, 6.5484 ], [ 116.6276, 6.53 ], [ 116.5975, 6.4638 ], [ 116.593, 6.4132 ], [ 116.6127, 6.3984 ], [ 116.6049, 6.3869 ], [ 116.6127, 6.3651 ], [ 116.6019, 6.3511 ], [ 116.6503, 6.3352 ], [ 116.6406, 6.289 ], [ 116.6235, 6.2805 ], [ 116.6172, 6.2653 ], [ 116.6202, 6.2413 ] ] ] } },
{ "type": "Feature", "properties": { "id": "sbh-kuala-penyu", "slug": "kuala-penyu", "name": "Kuala Penyu", "state": "Sabah", "division": "Interior", "area_km2": 391.47104241271319, "lon": 115.4906, "lat": 5.44783 }, "geometry": { "type": "Polygon", "coordinates": [ [ [ 115.6547, 5.541 ], [ 115.6097, 5.5657 ], [ 115.62, 5.6183 ], [ 115.5914, 5.6283 ], [ 115.5457, 5.5387 ], [ 115.4788, 5.488 ], [ 115.4249, 5.4276 ], [ 115.3697, 5.3992 ], [ 115.3633, 5.3229 ], [ 115.3389, 5.2957 ], [ 115.357, 5.2939 ], [ 115.3825, 5.3101 ], [ 115.3779, 5.2962 ], [ 115.436, 5.2609 ], [ 115.4732, 5.3072 ], [ 115.4825, 5.3703 ], [ 115.4982, 5.4056 ], [ 115.5985, 5.5184 ], [ 115.6543, 5.5218 ], [ 115.6547, 5.541 ] ] ] } },
{ "type": "Feature", "properties": { "id": "sbh-kudat", "slug": "kudat", "name": "Kudat", "state": "Sabah", "division": "Kudat", "area_km2": 1282.2479604806401, "lon": 117.17068, "lat": 7.23198 }, "geometry": { "type": "MultiPolygon", "coordinates": [ [ [ [ 116.6395, 6.6818 ], [ 116.6454, 6.7232 ], [ 116.6275, 6.782 ], [ 116.6682, 6.8215 ], [ 116.6432, 6.8369 ], [ 116.6399, 6.8626 ], [ 116.6818, 6.8884 ], [ 116.7056, 6.9279 ], [ 116.7023, 6.9536 ], [ 116.7261, 6.9709 ], [ 116.7268, 7.0122 ], [ 116.7427, 7.0219 ], [ 116.7437, 7.037 ], [ 116.7534, 7.0351 ], [ 116.8018, 6.9746 ], [ 116.8294, 6.9645 ], [ 116.8384, 6.9491 ], [ 116.836, 6.9349 ], [ 116.8594, 6.8797 ], [ 116.852, 6.8754 ], [ 116.8239, 6.8891 ], [ 116.8091, 6.8707 ], [ 116.7889, 6.8858 ], [ 116.7879, 6.8652 ], [ 116.8001, 6.8648 ], [ 116.7996, 6.8499 ], [ 116.8125, 6.8607 ], [ 116.8589, 6.8563 ], [ 116.8391, 6.8418 ], [ 116.8534, 6.8239 ], [ 116.8679, 6.8234 ], [ 116.8567, 6.8189 ], [ 116.8522, 6.8028 ], [ 116.8591, 6.7728 ], [ 116.8211, 6.7345 ], [ 116.792, 6.6847 ], [ 116.7765, 6.6832 ], [ 116.7901, 6.6773 ], [ 116.7577, 6.6378 ], [ 116.7533, 6.6785 ], [ 116.702, 6.6774 ], [ 116.6841, 6.6866 ], [ 116.6395, 6.6818 ] ] ], [ [ [ 117.0375, 7.0879 ], [ 117.0583, 7.0844 ], [ 117.0474, 7.0792 ], [ 117.0375, 7.0879 ] ] ], [ [ [ 117.0898, 7.1012 ], [ 117.0901, 7.1077 ], [ 117.0956, 7.1075 ], [ 117.0898, 7.1012 ] ] ], [ [ [ 117.1116, 7.1314 ], [ 117.1043, 7.1257 ], [ 117.0973, 7.1255 ], [ 117.1048, 7.1339 ], [ 117.1116, 7.1314 ] ] ], [ [ [ 117.1467, 7.153 ], [ 117.1424, 7.1257 ], [ 117.1326, 7.1249 ], [ 117.1332, 7.1369 ], [ 117.1163, 7.1359 ], [ 117.1467, 7.153 ] ] ], [ [ [ 117.1607, 7.164 ], [ 117.1497, 7.1665 ], [ 117.1593, 7.1673 ], [ 117.1607, 7.164 ] ] ], [ [ [ 117.2753, 7.3505 ], [ 117.2956, 7.3262 ], [ 117.2629, 7.2761 ], [ 117.2648, 7.2658 ], [ 117.2769, 7.2652 ], [ 117.2613, 7.2459 ], [ 117.2802, 7.2494 ], [ 117.2832, 7.2333 ], [ 117.2561, 7.1971 ], [ 117.2596, 7.1878 ], [ 117.2409, 7.1881 ], [ 117.2517, 7.2257 ], [ 117.2203, 7.1846 ], [ 117.1717, 7.1859 ], [ 117.0891, 7.1377 ], [ 117.0918, 7.1189 ], [ 117.0729, 7.1015 ], [ 117.0759, 7.1184 ], [ 117.06, 7.1295 ], [ 117.0745, 7.1764 ], [ 117.0591, 7.1764 ], [ 117.0531, 7.1925 ], [ 117.0657, 7.2053 ], [ 117.055, 7.2107 ], [ 117.0696, 7.2603 ], [ 117.0618, 7.2931 ], [ 117.0892, 7.3114 ], [ 117.1226, 7.315 ], [ 117.1514, 7.3529 ], [ 117.1651, 7.3415 ], [ 117.183, 7.3589 ], [ 117.2028, 7.3513 ], [ 117.2341, 7.3625 ], [ 117.2753, 7.3505 ] ] ], [ [ [ 117.0163, 7.2908 ], [ 117.0193, 7.2729 ], [ 117.0038, 7.278 ], [ 116.9918, 7.2942 ], [ 116.9991, 7.3027 ], [ 116.9811, 7.3069 ], [ 116.9665, 7.2899 ], [ 116.9657, 7.2737 ], [ 116.9828, 7.261 ], [ 116.9863, 7.2435 ], [ 116.9536, 7.2495 ], [ 116.9322, 7.2341 ], [ 116.9021, 7.238 ], [ 116.9004, 7.2273 ], [ 116.8837, 7.2295 ], [ 116.87, 7.2209 ], [ 116.8734, 7.2141 ], [ 116.8854, 7.2244 ], [ 116.8949, 7.2095 ], [ 116.8605, 7.1937 ], [ 116.8532, 7.2009 ], [ 116.8884, 7.2895 ], [ 116.9064, 7.2916 ], [ 116.9094, 7.3005 ], [ 116.9322, 7.2929 ], [ 116.9751, 7.3176 ], [ 117.0004, 7.358 ], [ 117.0163, 7.3389 ], [ 117.0163, 7.2908 ] ] ], [ [ [ 117.3156, 7.066 ], [ 117.3303, 7.0679 ], [ 117.3475, 7.0384 ], [ 117.3175, 7.0367 ], [ 117.3228, 7.0243 ], [ 117.3087, 7.0156 ], [ 117.2872, 7.0219 ], [ 117.2781, 7.0429 ], [ 117.2645, 7.0428 ], [ 117.2663, 7.0524 ], [ 117.2811, 7.048 ], [ 117.2617, 7.0565 ], [ 117.2694, 7.0744 ], [ 117.2966, 7.0691 ], [ 117.3008, 7.0794 ], [ 117.3156, 7.066 ] ] ], [ [ [ 117.2572, 7.0709 ], [ 117.2608, 7.0747 ], [ 117.263, 7.0728 ], [ 117.2572, 7.0709 ] ] ], [ [ [ 117.2766, 7.0889 ], [ 117.2801, 7.0807 ], [ 117.2691, 7.0761 ], [ 117.2766, 7.0889 ] ] ], [ [ [ 117.2027, 7.1755 ], [ 117.1989, 7.1603 ], [ 117.1609, 7.1512 ], [ 117.1706, 7.1712 ], [ 117.2027, 7.1755 ] ] ], [ [ [ 117.3233, 7.2057 ], [ 117.3442, 7.2 ], [ 117.3193, 7.1988 ], [ 117.3233, 7.2057 ] ] ], [ [ [ 117.3214, 7.2384 ], [ 117.3115, 7.2072 ], [ 117.3039, 7.2039 ], [ 117.3053, 7.2185 ], [ 117.2926, 7.2277 ], [ 117.3049, 7.2412 ], [ 117.3214, 7.2384 ] ] ], [ [ [ 117.3216, 7.232 ], [ 117.3382, 7.2299 ], [ 117.3363, 7.2219 ], [ 117.3196, 7.2217 ], [ 117.3216, 7.232 ] ] ], [ [ [ 117.2867, 7.2882 ], [ 117.2893, 7.3022 ], [ 117.2971, 7.3067 ], [ 117.2951, 7.2878 ], [ 117.2867, 7.2882 ] ] ] ] } },
{ "type": "Feature", "properties": { "id": "sbh-kunak", "slug": "kunak", "name": "Kunak", "state": "Sabah", "division": "Tawau", "area_km2": 1232.1959329157999, "lon": 118.01833, "lat": 4.69274 }, "geometry": { "type": "MultiPolygon", "coordinates": [ [ [ [ 117.8233, 4.6255 ], [ 117.7901, 4.6733 ], [ 117.7901, 4.7023 ], [ 117.7738, 4.7017 ], [ 117.7691, 4.7284 ], [ 117.7407, 4.7643 ], [ 117.7957, 4.7417 ], [ 117.8579, 4.7631 ], [ 117.8895, 4.7889 ], [ 117.9014, 4.7903 ], [ 117.9086, 4.7792 ], [ 117.9527, 4.7813 ], [ 117.9561, 4.8173 ], [ 117.9884, 4.8413 ], [ 118.0014, 4.8784 ], [ 118.0468, 4.8891 ], [ 118.1104, 4.884 ], [ 118.1301, 4.8688 ], [ 118.1346, 4.8402 ], [ 118.1673, 4.8376 ], [ 118.171, 4.8206 ], [ 118.19, 4.8039 ], [ 118.1963, 4.7609 ], [ 118.2265, 4.7226 ], [ 118.2259, 4.7098 ], [ 118.2579, 4.6878 ], [ 118.2701, 4.6594 ], [ 118.2991, 4.656 ], [ 118.3073, 4.6293 ], [ 118.3247, 4.6241 ], [ 118.3218, 4.6027 ], [ 118.298, 4.5783 ], [ 118.2706, 4.5563 ], [ 118.2561, 4.5558 ], [ 118.2491, 4.543 ], [ 118.2544, 4.5117 ], [ 118.2405, 4.4974 ], [ 118.2358, 4.5441 ], [ 118.2201, 4.5737 ], [ 118.1811, 4.5841 ], [ 118.1617, 4.6004 ], [ 118.151, 4.596 ], [ 118.1175, 4.6075 ], [ 118.1041, 4.5982 ], [ 118.0974, 4.6112 ], [ 118.084, 4.6097 ], [ 118.0561, 4.6275 ], [ 118.0394, 4.6164 ], [ 118.023, 4.6279 ], [ 117.9992, 4.6153 ], [ 117.9572, 4.6119 ], [ 117.9475, 4.6401 ], [ 117.9315, 4.6453 ], [ 117.846, 4.596 ], [ 117.8415, 4.6197 ], [ 117.8233, 4.6255 ] ] ], [ [ [ 118.3058, 4.7698 ], [ 118.3052, 4.7743 ], [ 118.312, 4.7757 ], [ 118.3058, 4.7698 ] ] ], [ [ [ 118.3136, 4.7842 ], [ 118.3091, 4.7868 ], [ 118.3123, 4.7909 ], [ 118.3136, 4.7842 ] ] ], [ [ [ 118.2883, 4.7909 ], [ 118.29, 4.7837 ], [ 118.2852, 4.7858 ], [ 118.2883, 4.7909 ] ] ], [ [ [ 118.3233, 4.7982 ], [ 118.3105, 4.7959 ], [ 118.3026, 4.7981 ], [ 118.3099, 4.7983 ], [ 118.3102, 4.8104 ], [ 118.3233, 4.7982 ] ] ], [ [ [ 118.2783, 4.8228 ], [ 118.2888, 4.8126 ], [ 118.2743, 4.8218 ], [ 118.2783, 4.8228 ] ] ] ] } },
{ "type": "Feature", "properties": { "id": "sbh-lahad-datu", "slug": "lahad-datu", "name": "Lahad Datu", "state": "Sabah", "division": "Tawau", "area_km2": 7359.8013274537143, "lon": 118.44358, "lat": 5.12384 }, "geometry": { "type": "MultiPolygon", "coordinates": [ [ [ [ 118.3871, 4.7582 ], [ 118.3799, 4.7643 ], [ 118.3827, 4.7778 ], [ 118.3911, 4.7645 ], [ 118.3871, 4.7582 ] ] ], [ [ [ 118.3584, 4.8078 ], [ 118.3992, 4.8002 ], [ 118.4175, 4.7846 ], [ 118.4055, 4.7913 ], [ 118.3788, 4.7806 ], [ 118.3815, 4.7943 ], [ 118.3737, 4.7832 ], [ 118.3737, 4.796 ], [ 118.3584, 4.8078 ] ] ], [ [ [ 118.3455, 4.9759 ], [ 118.3571, 4.9861 ], [ 118.3598, 4.977 ], [ 118.3859, 4.9803 ], [ 118.3307, 4.9532 ], [ 118.3052, 4.9527 ], [ 118.3151, 4.9743 ], [ 118.3192, 4.965 ], [ 118.334, 4.9688 ], [ 118.3233, 4.98 ], [ 118.3277, 4.9891 ], [ 118.3466, 4.9904 ], [ 118.3455, 4.9759 ] ] ], [ [ [ 117.7197, 4.7706 ], [ 117.6948, 4.7701 ], [ 117.6698, 4.7538 ], [ 117.6349, 4.7544 ], [ 117.6227, 4.7394 ], [ 117.5326, 4.7834 ], [ 117.4792, 4.7822 ], [ 117.4681, 4.7938 ], [ 117.4814, 4.842 ], [ 117.523, 4.8627 ], [ 117.527, 4.8901 ], [ 117.5129, 4.9402 ], [ 117.5914, 4.9762 ], [ 117.5994, 4.9916 ], [ 117.5907, 4.9996 ], [ 117.6792, 5.0404 ], [ 117.6899, 5.1192 ], [ 117.704, 5.1285 ], [ 117.7161, 5.1672 ], [ 117.765, 5.1966 ], [ 117.7838, 5.2293 ], [ 117.8421, 5.2133 ], [ 117.883, 5.2207 ], [ 117.934, 5.1933 ], [ 117.9984, 5.1859 ], [ 118.2451, 5.2273 ], [ 118.2974, 5.246 ], [ 118.3591, 5.2981 ], [ 118.7238, 5.2888 ], [ 118.7641, 5.3495 ], [ 118.7654, 5.3682 ], [ 118.7882, 5.3869 ], [ 118.7869, 5.4023 ], [ 118.8144, 5.4303 ], [ 118.8056, 5.4623 ], [ 118.815, 5.5064 ], [ 118.919, 5.4443 ], [ 118.9297, 5.4189 ], [ 118.8868, 5.3922 ], [ 118.8854, 5.3829 ], [ 118.9102, 5.3709 ], [ 118.9324, 5.3756 ], [ 118.9511, 5.3909 ], [ 118.9438, 5.431 ], [ 119.0537, 5.4016 ], [ 119.0913, 5.4056 ], [ 119.1054, 5.4296 ], [ 119.1516, 5.4477 ], [ 119.22, 5.4196 ], [ 119.2556, 5.3669 ], [ 119.2609, 5.3008 ], [ 119.2468, 5.2647 ], [ 119.2489, 5.2487 ], [ 119.2683, 5.2387 ], [ 119.267, 5.206 ], [ 119.2093, 5.1365 ], [ 119.165, 5.1071 ], [ 119.0511, 5.0631 ], [ 118.9076, 5.0303 ], [ 118.8667, 4.9963 ], [ 118.8217, 4.9869 ], [ 118.7487, 4.9495 ], [ 118.6675, 4.9368 ], [ 118.5629, 4.9595 ], [ 118.5442, 4.9549 ], [ 118.5187, 4.9295 ], [ 118.4825, 4.9261 ], [ 118.4516, 4.9569 ], [ 118.4489, 4.9863 ], [ 118.4335, 5.009 ], [ 118.4033, 5.021 ], [ 118.3242, 5.0183 ], [ 118.3055, 4.9696 ], [ 118.284, 4.9629 ], [ 118.2418, 4.9689 ], [ 118.2116, 4.9575 ], [ 118.1821, 4.9315 ], [ 118.1921, 4.9268 ], [ 118.1874, 4.9175 ], [ 118.1579, 4.884 ], [ 118.1224, 4.8874 ], [ 118.1215, 4.8767 ], [ 118.0468, 4.8891 ], [ 118.007, 4.8829 ], [ 117.9884, 4.8413 ], [ 117.9561, 4.8173 ], [ 117.9527, 4.7813 ], [ 117.9086, 4.7792 ], [ 117.9014, 4.7903 ], [ 117.8895, 4.7889 ], [ 117.8579, 4.7631 ], [ 117.7957, 4.7417 ], [ 117.7197, 4.7706 ] ] ], [ [ [ 118.9432, 5.3988 ], [ 118.9264, 5.3775 ], [ 118.8987, 5.3859 ], [ 118.9195, 5.3982 ], [ 118.9432, 5.3988 ] ] ], [ [ [ 119.1494, 5.4543 ], [ 119.1101, 5.4387 ], [ 119.1005, 5.4458 ], [ 119.1121, 5.4628 ], [ 119.1494, 5.4543 ] ] ] ] } },
{ "type": "Feature", "properties": { "id": "sbh-nabawan", "slug": "nabawan", "name": "Nabawan", "state": "Sabah", "division": "Interior", "area_km2": 6222.4364914946182, "lon": 116.47613, "lat": 4.70403 }, "geometry": { "type": "Polygon", "coordinates": [ [ [ 115.885, 4.3904 ], [ 115.9125, 4.3883 ], [ 115.9317, 4.3541 ], [ 115.9886, 4.3536 ], [ 116.031, 4.3315 ], [ 116.0421, 4.2887 ], [ 116.0752, 4.2707 ], [ 116.0909, 4.2829 ], [ 116.1136, 4.3333 ], [ 116.1577, 4.346 ], [ 116.1659, 4.3808 ], [ 116.1752, 4.3866 ], [ 116.2774, 4.3622 ], [ 116.357, 4.3831 ], [ 116.4308, 4.3263 ], [ 116.443, 4.2887 ], [ 116.4779, 4.3055 ], [ 116.4919, 4.3356 ], [ 116.511, 4.3205 ], [ 116.5378, 4.3252 ], [ 116.5325, 4.3669 ], [ 116.5662, 4.4028 ], [ 116.5883, 4.3738 ], [ 116.6075, 4.3715 ], [ 116.6238, 4.3333 ], [ 116.6645, 4.3449 ], [ 116.6842, 4.3356 ], [ 116.7162, 4.3373 ], [ 116.7522, 4.3843 ], [ 116.79, 4.3391 ], [ 116.8086, 4.3443 ], [ 116.8353, 4.3246 ], [ 116.905, 4.3628 ], [ 116.926, 4.3518 ], [ 116.948, 4.3541 ], [ 116.9678, 4.375 ], [ 117.0381, 4.3912 ], [ 117.0428, 4.4092 ], [ 117.0306, 4.4434 ], [ 117.0625, 4.4996 ], [ 117.048, 4.4932 ], [ 117.0329, 4.5007 ], [ 116.9759, 4.5505 ], [ 116.912, 4.5563 ], [ 116.8551, 4.6108 ], [ 116.8301, 4.6079 ], [ 116.8214, 4.6154 ], [ 116.8638, 4.6531 ], [ 116.8725, 4.6924 ], [ 116.8574, 4.7156 ], [ 116.8365, 4.722 ], [ 116.7725, 4.8135 ], [ 116.7603, 4.7886 ], [ 116.7342, 4.8013 ], [ 116.6923, 4.8048 ], [ 116.6528, 4.7816 ], [ 116.6406, 4.7492 ], [ 116.6244, 4.737 ], [ 116.5773, 4.7498 ], [ 116.5738, 4.7996 ], [ 116.5523, 4.8152 ], [ 116.5302, 4.894 ], [ 116.5354, 4.92 ], [ 116.5256, 4.9704 ], [ 116.55, 4.993 ], [ 116.543, 5.0532 ], [ 116.5261, 5.0636 ], [ 116.5145, 5.1006 ], [ 116.4797, 5.1168 ], [ 116.4768, 5.1365 ], [ 116.4645, 5.1325 ], [ 116.4494, 5.0995 ], [ 116.4332, 5.092 ], [ 116.3634, 5.0862 ], [ 116.3443, 5.0375 ], [ 116.3076, 5.0208 ], [ 116.2373, 5.0179 ], [ 116.1862, 4.9339 ], [ 116.1827, 4.8801 ], [ 116.1699, 4.8569 ], [ 116.1356, 4.8419 ], [ 116.1008, 4.8656 ], [ 116.0746, 4.861 ], [ 116.1043, 4.7961 ], [ 116.106, 4.7424 ], [ 116.0906, 4.7144 ], [ 116.076, 4.6402 ], [ 116.0633, 4.6221 ], [ 116.0152, 4.604 ], [ 115.998, 4.5348 ], [ 115.9481, 4.5103 ], [ 115.908, 4.4477 ], [ 115.885, 4.3904 ] ] ] } },
{ "type": "Feature", "properties": { "id": "sbh-papar", "slug": "papar", "name": "Papar", "state": "Sabah", "division": "West Coast", "area_km2": 1294.3095479575029, "lon": 115.99868, "lat": 5.60812 }, "geometry": { "type": "Polygon", "coordinates": [ [ [ 115.9779, 5.364 ], [ 115.992, 5.4388 ], [ 116.0192, 5.4381 ], [ 116.0296, 5.4547 ], [ 116.0616, 5.4681 ], [ 116.0749, 5.5003 ], [ 116.0608, 5.5214 ], [ 116.0742, 5.5602 ], [ 116.0891, 5.5788 ], [ 116.0999, 5.578 ], [ 116.1144, 5.6102 ], [ 116.1802, 5.6291 ], [ 116.1888, 5.6939 ], [ 116.2215, 5.6694 ], [ 116.249, 5.6854 ], [ 116.2925, 5.7472 ], [ 116.2081, 5.756 ], [ 116.1635, 5.803 ], [ 116.1155, 5.8337 ], [ 116.0448, 5.8496 ], [ 116.0117, 5.8245 ], [ 115.989, 5.7919 ], [ 115.909, 5.756 ], [ 115.8972, 5.7379 ], [ 115.8981, 5.681 ], [ 115.8736, 5.5816 ], [ 115.8236, 5.5446 ], [ 115.8035, 5.5399 ], [ 115.8648, 5.4618 ], [ 115.876, 5.4188 ], [ 115.8894, 5.4196 ], [ 115.8897, 5.4003 ], [ 115.9254, 5.4051 ], [ 115.9779, 5.364 ] ] ] } },
{ "type": "Feature", "properties": { "id": "sbh-penampang", "slug": "penampang", "name": "Penampang", "state": "Sabah", "division": "West Coast", "area_km2": 426.29241401454493, "lon": 116.19767, "lat": 5.85852 }, "geometry": { "type": "Polygon", "coordinates": [ [ [ 116.2925, 5.7472 ], [ 116.3319, 5.7712 ], [ 116.3438, 5.8382 ], [ 116.3212, 5.8589 ], [ 116.2598, 5.867 ], [ 116.1986, 5.9478 ], [ 116.1598, 5.9693 ], [ 116.0932, 5.9593 ], [ 116.0832, 5.9399 ], [ 116.0748, 5.942 ], [ 116.0813, 5.938 ], [ 116.062, 5.9129 ], [ 116.0805, 5.9051 ], [ 116.0803, 5.8883 ], [ 116.0958, 5.8831 ], [ 116.0779, 5.8444 ], [ 116.1155, 5.8337 ], [ 116.1635, 5.803 ], [ 116.2081, 5.756 ], [ 116.2925, 5.7472 ] ] ] } },
{ "type": "Feature", "properties": { "id": "sbh-pitas", "slug": "pitas", "name": "Pitas", "state": "Sabah", "division": "Kudat", "area_km2": 1512.8085508361739, "lon": 117.12836, "lat": 6.73069 }, "geometry": { "type": "MultiPolygon", "coordinates": [ [ [ [ 117.0776, 6.45 ], [ 117.0337, 6.4875 ], [ 116.9779, 6.5015 ], [ 116.9664, 6.5573 ], [ 116.9426, 6.5795 ], [ 116.9213, 6.6232 ], [ 116.8911, 6.6359 ], [ 116.9094, 6.6612 ], [ 116.9296, 6.6642 ], [ 116.9785, 6.7 ], [ 116.9854, 6.7179 ], [ 116.9742, 6.7375 ], [ 116.9948, 6.7737 ], [ 117.0116, 6.7852 ], [ 117.0296, 6.8312 ], [ 117.0579, 6.8398 ], [ 117.0502, 6.844 ], [ 117.0553, 6.8747 ], [ 117.0326, 6.8935 ], [ 117.0317, 6.9505 ], [ 117.0656, 6.9339 ], [ 117.0862, 6.9467 ], [ 117.0618, 6.9539 ], [ 117.0583, 6.9757 ], [ 117.106, 6.9974 ], [ 117.121, 6.9872 ], [ 117.1283, 6.9919 ], [ 117.13, 6.9838 ], [ 117.1292, 7.0085 ], [ 117.1528, 7.0131 ], [ 117.1673, 6.9931 ], [ 117.1819, 6.9901 ], [ 117.1952, 6.9586 ], [ 117.2532, 6.9403 ], [ 117.2489, 6.9275 ], [ 117.2596, 6.8943 ], [ 117.2442, 6.8756 ], [ 117.2527, 6.8653 ], [ 117.2339, 6.8508 ], [ 117.2343, 6.8321 ], [ 117.218, 6.8168 ], [ 117.2463, 6.7865 ], [ 117.2416, 6.7754 ], [ 117.2519, 6.7563 ], [ 117.2819, 6.7371 ], [ 117.2871, 6.7226 ], [ 117.2673, 6.6987 ], [ 117.2914, 6.6271 ], [ 117.2836, 6.6254 ], [ 117.2871, 6.6131 ], [ 117.266, 6.5755 ], [ 117.2351, 6.5802 ], [ 117.2111, 6.5581 ], [ 117.1381, 6.5512 ], [ 117.1321, 6.5293 ], [ 117.1012, 6.5279 ], [ 117.0986, 6.5046 ], [ 117.1334, 6.4713 ], [ 117.1053, 6.4693 ], [ 117.0776, 6.45 ] ] ], [ [ [ 117.2623, 6.8162 ], [ 117.2575, 6.8246 ], [ 117.2878, 6.8412 ], [ 117.2851, 6.8315 ], [ 117.2623, 6.8162 ] ] ] ] } },
{ "type": "Feature", "properties": { "id": "sbh-putatan", "slug": "putatan", "name": "Putatan", "state": "Sabah", "division": "West Coast", "area_km2": 35.095067509277058, "lon": 116.06233, "lat": 5.88723 }, "geometry": { "type": "Polygon", "coordinates": [ [ [ 116.0779, 5.8444 ], [ 116.0958, 5.8831 ], [ 116.0803, 5.8883 ], [ 116.0815, 5.9032 ], [ 116.062, 5.9129 ], [ 116.0615, 5.9281 ], [ 116.0325, 5.8952 ], [ 116.0477, 5.8779 ], [ 116.0432, 5.8489 ], [ 116.0779, 5.8444 ] ] ] } },
{ "type": "Feature", "properties": { "id": "sbh-ranau", "slug": "ranau", "name": "Ranau", "state": "Sabah", "division": "West Coast", "area_km2": 3830.1392975000181, "lon": 116.70477, "lat": 5.88904 }, "geometry": { "type": "Polygon", "coordinates": [ [ [ 116.641, 5.5421 ], [ 116.7568, 5.5149 ], [ 116.7714, 5.497 ], [ 116.8051, 5.4837 ], [ 116.8365, 5.4854 ], [ 116.8475, 5.4935 ], [ 116.8382, 5.5161 ], [ 116.8742, 5.5369 ], [ 116.8818, 5.5849 ], [ 116.9108, 5.615 ], [ 116.9103, 5.6468 ], [ 116.9196, 5.6641 ], [ 116.9771, 5.6919 ], [ 116.9928, 5.6844 ], [ 117.0102, 5.7098 ], [ 116.9899, 5.796 ], [ 116.8644, 5.8648 ], [ 116.8684, 5.885 ], [ 116.9143, 5.9266 ], [ 116.9957, 5.9544 ], [ 117.03, 6.0081 ], [ 117.0265, 6.0405 ], [ 117.0892, 6.0422 ], [ 117.0916, 6.0723 ], [ 117.1282, 6.1115 ], [ 117.0898, 6.1959 ], [ 117.0683, 6.1867 ], [ 117.0346, 6.2017 ], [ 116.9963, 6.2548 ], [ 116.9835, 6.2502 ], [ 116.9835, 6.2652 ], [ 116.9422, 6.2652 ], [ 116.9085, 6.2941 ], [ 116.8684, 6.2756 ], [ 116.8678, 6.2641 ], [ 116.8429, 6.2537 ], [ 116.837, 6.2404 ], [ 116.7975, 6.2363 ], [ 116.8016, 6.2242 ], [ 116.7336, 6.2392 ], [ 116.7278, 6.2277 ], [ 116.6935, 6.2271 ], [ 116.6604, 6.208 ], [ 116.6462, 6.2261 ], [ 116.5674, 6.1563 ], [ 116.5369, 6.0671 ], [ 116.4773, 5.9804 ], [ 116.425, 5.9226 ], [ 116.4198, 5.9097 ], [ 116.4781, 5.924 ], [ 116.5186, 5.8911 ], [ 116.5592, 5.8785 ], [ 116.5584, 5.8604 ], [ 116.5462, 5.8511 ], [ 116.5577, 5.8193 ], [ 116.5517, 5.7978 ], [ 116.5744, 5.7734 ], [ 116.5722, 5.752 ], [ 116.5986, 5.7357 ], [ 116.6016, 5.7175 ], [ 116.5889, 5.6798 ], [ 116.593, 5.658 ], [ 116.5607, 5.605 ], [ 116.5711, 5.5843 ], [ 116.5514, 5.566 ], [ 116.599, 5.5491 ], [ 116.6324, 5.5595 ], [ 116.641, 5.5421 ] ] ] } },
{ "type": "Feature", "properties": { "id": "sbh-sandakan", "slug": "sandakan", "name": "Sandakan", "state": "Sabah", "division": "Sandakan", "area_km2": 2159.3139306886255, "lon": 117.78278, "lat": 5.79077 }, "geometry": { "type": "MultiPolygon", "coordinates": [ [ [ [ 117.9187, 5.7489 ], [ 117.9114, 5.7434 ], [ 117.9078, 5.7449 ], [ 117.9187, 5.7489 ] ] ], [ [ [ 118.1412, 5.7495 ], [ 118.1374, 5.7443 ], [ 118.1299, 5.7432 ], [ 118.131, 5.7528 ], [ 118.1412, 5.7495 ] ] ], [ [ [ 117.944, 5.764 ], [ 117.9348, 5.7677 ], [ 117.9417, 5.77 ], [ 117.944, 5.764 ] ] ], [ [ [ 117.9106, 5.7927 ], [ 118.0166, 5.7743 ], [ 118.0166, 5.7551 ], [ 117.9994, 5.7423 ], [ 117.9664, 5.7453 ], [ 117.9509, 5.7743 ], [ 117.9235, 5.779 ], [ 117.9106, 5.7927 ] ] ], [ [ [ 118.1209, 5.7812 ], [ 118.1161, 5.7718 ], [ 118.0908, 5.7748 ], [ 118.0934, 5.7837 ], [ 118.1209, 5.7812 ] ] ], [ [ [ 117.9807, 5.7919 ], [ 117.9729, 5.7889 ], [ 117.9713, 5.7906 ], [ 117.9807, 5.7919 ] ] ], [ [ [ 118.335, 5.7533 ], [ 118.3014, 5.7119 ], [ 118.2987, 5.6839 ], [ 118.2766, 5.6766 ], [ 118.2545, 5.6479 ], [ 118.2646, 5.6278 ], [ 118.166, 5.5691 ], [ 118.1465, 5.5831 ], [ 118.1043, 5.5678 ], [ 118.1043, 5.5131 ], [ 118.0359, 5.5131 ], [ 118.0339, 5.5538 ], [ 117.9367, 5.5618 ], [ 117.8918, 5.5898 ], [ 117.928, 5.6532 ], [ 117.8783, 5.6625 ], [ 117.8294, 5.6292 ], [ 117.8066, 5.6605 ], [ 117.8133, 5.6759 ], [ 117.8066, 5.7012 ], [ 117.7858, 5.6792 ], [ 117.763, 5.6912 ], [ 117.7275, 5.6906 ], [ 117.6407, 5.8348 ], [ 117.6176, 5.8556 ], [ 117.6166, 5.8931 ], [ 117.6826, 5.9088 ], [ 117.714, 5.8984 ], [ 117.7465, 5.9004 ], [ 117.7717, 5.9088 ], [ 117.758, 5.938 ], [ 117.845, 5.9359 ], [ 117.8858, 5.9473 ], [ 117.9037, 5.9619 ], [ 117.8995, 5.9828 ], [ 117.9068, 5.9911 ], [ 117.9657, 6.0369 ], [ 117.9718, 6.0322 ], [ 117.9704, 6.0552 ], [ 117.9833, 6.0691 ], [ 118.0113, 6.0595 ], [ 118.0173, 6.0273 ], [ 118.0459, 6.0352 ], [ 118.0347, 6.0036 ], [ 118.0698, 5.9528 ], [ 118.0531, 5.9357 ], [ 118.0569, 5.9229 ], [ 118.0809, 5.9041 ], [ 118.0981, 5.9097 ], [ 118.0994, 5.8776 ], [ 118.1316, 5.8516 ], [ 118.1213, 5.8396 ], [ 118.0818, 5.8264 ], [ 118.0805, 5.8081 ], [ 118.0578, 5.8063 ], [ 118.0294, 5.7893 ], [ 118.0054, 5.8025 ], [ 118.0076, 5.8153 ], [ 117.9895, 5.8059 ], [ 117.9621, 5.8093 ], [ 117.9604, 5.797 ], [ 117.9496, 5.794 ], [ 117.911, 5.8017 ], [ 117.8994, 5.7935 ], [ 117.8999, 5.7841 ], [ 117.9196, 5.7726 ], [ 117.9071, 5.7615 ], [ 117.9063, 5.7457 ], [ 117.9162, 5.7363 ], [ 117.9449, 5.7333 ], [ 117.9483, 5.7261 ], [ 117.9273, 5.7175 ], [ 117.9376, 5.715 ], [ 117.938, 5.6898 ], [ 117.9539, 5.6915 ], [ 117.9436, 5.6795 ], [ 117.9921, 5.6804 ], [ 118.026, 5.697 ], [ 118.038, 5.7141 ], [ 118.0638, 5.7201 ], [ 118.0651, 5.7052 ], [ 118.0788, 5.6962 ], [ 118.111, 5.706 ], [ 118.1247, 5.665 ], [ 118.1393, 5.6834 ], [ 118.1552, 5.6787 ], [ 118.1277, 5.7257 ], [ 118.1372, 5.7419 ], [ 118.164, 5.7513 ], [ 118.1526, 5.7686 ], [ 118.166, 5.7773 ], [ 118.1459, 5.7993 ], [ 118.1734, 5.81 ], [ 118.1499, 5.8233 ], [ 118.1734, 5.8507 ], [ 118.2411, 5.8413 ], [ 118.276, 5.822 ], [ 118.3303, 5.814 ], [ 118.335, 5.7533 ] ] ], [ [ [ 118.1574, 5.812 ], [ 118.1531, 5.8155 ], [ 118.1538, 5.8182 ], [ 118.1574, 5.812 ] ] ], [ [ [ 118.1421, 5.8592 ], [ 118.1378, 5.8781 ], [ 118.1401, 5.8888 ], [ 118.1504, 5.8679 ], [ 118.1421, 5.8592 ] ] ] ] } },
{ "type": "Feature", "properties": { "id": "sbh-semporna", "slug": "semporna", "name": "Semporna", "state": "Sabah", "division": "Tawau", "area_km2": 1117.7744498793943, "lon": 118.42766, "lat": 4.48131 }, "geometry": { "type": "MultiPolygon", "coordinates": [ [ [ [ 118.3561, 4.3402 ], [ 118.3146, 4.375 ], [ 118.3034, 4.3939 ], [ 118.2878, 4.3939 ], [ 118.2532, 4.4169 ], [ 118.2405, 4.4974 ], [ 118.2544, 4.5117 ], [ 118.2491, 4.543 ], [ 118.2561, 4.5558 ], [ 118.2706, 4.5563 ], [ 118.3218, 4.6027 ], [ 118.3241, 4.627 ], [ 118.3694, 4.6287 ], [ 118.3712, 4.6108 ], [ 118.4008, 4.5801 ], [ 118.4159, 4.5986 ], [ 118.4322, 4.6015 ], [ 118.4612, 4.572 ], [ 118.4787, 4.5731 ], [ 118.488, 4.5586 ], [ 118.4822, 4.5529 ], [ 118.4804, 4.5169 ], [ 118.5013, 4.5048 ], [ 118.5199, 4.5019 ], [ 118.5403, 4.5233 ], [ 118.5937, 4.5106 ], [ 118.5751, 4.4909 ], [ 118.5914, 4.4949 ], [ 118.603, 4.4839 ], [ 118.603, 4.4926 ], [ 118.6269, 4.4619 ], [ 118.6216, 4.448 ], [ 118.6367, 4.4521 ], [ 118.6437, 4.4381 ], [ 118.6094, 4.4045 ], [ 118.5926, 4.4439 ], [ 118.5873, 4.43 ], [ 118.5711, 4.426 ], [ 118.5955, 4.4028 ], [ 118.5641, 4.3727 ], [ 118.5548, 4.3715 ], [ 118.5577, 4.3831 ], [ 118.5496, 4.3785 ], [ 118.5507, 4.3495 ], [ 118.481, 4.3582 ], [ 118.4084, 4.3275 ], [ 118.3793, 4.346 ], [ 118.3561, 4.3402 ] ] ], [ [ [ 118.5065, 4.5148 ], [ 118.4857, 4.517 ], [ 118.482, 4.5307 ], [ 118.492, 4.5541 ], [ 118.5013, 4.5559 ], [ 118.5065, 4.5148 ] ] ], [ [ [ 118.4932, 4.5892 ], [ 118.4869, 4.5952 ], [ 118.4973, 4.5919 ], [ 118.4932, 4.5892 ] ] ], [ [ [ 118.4894, 4.6764 ], [ 118.4838, 4.6668 ], [ 118.4983, 4.6423 ], [ 118.5136, 4.6597 ], [ 118.518, 4.6494 ], [ 118.543, 4.6557 ], [ 118.5868, 4.6342 ], [ 118.5642, 4.6145 ], [ 118.5582, 4.5923 ], [ 118.55, 4.5926 ], [ 118.5448, 4.616 ], [ 118.5303, 4.6082 ], [ 118.534, 4.596 ], [ 118.5087, 4.5982 ], [ 118.4801, 4.6164 ], [ 118.4626, 4.6049 ], [ 118.4463, 4.6086 ], [ 118.4366, 4.6275 ], [ 118.3763, 4.6468 ], [ 118.3388, 4.6449 ], [ 118.3213, 4.6586 ], [ 118.3507, 4.6679 ], [ 118.4258, 4.6646 ], [ 118.4329, 4.6694 ], [ 118.4243, 4.6812 ], [ 118.4533, 4.6994 ], [ 118.4663, 4.6949 ], [ 118.4637, 4.6805 ], [ 118.4894, 4.6764 ] ] ], [ [ [ 118.4112, 4.7111 ], [ 118.4305, 4.6974 ], [ 118.4236, 4.6846 ], [ 118.409, 4.6913 ], [ 118.4117, 4.7018 ], [ 118.4008, 4.693 ], [ 118.3897, 4.702 ], [ 118.4112, 4.7111 ] ] ], [ [ [ 118.4597, 4.7266 ], [ 118.4769, 4.7205 ], [ 118.463, 4.7047 ], [ 118.4495, 4.7043 ], [ 118.4513, 4.7213 ], [ 118.4597, 4.7266 ] ] ], [ [ [ 118.6713, 4.4914 ], [ 118.6906, 4.4736 ], [ 118.7323, 4.4618 ], [ 118.7337, 4.4521 ], [ 118.7393, 4.4644 ], [ 118.7326, 4.4725 ], [ 118.7561, 4.4573 ], [ 118.7237, 4.4366 ], [ 118.6913, 4.4421 ], [ 118.6437, 4.415 ], [ 118.656, 4.4473 ], [ 118.63, 4.4759 ], [ 118.6266, 4.4851 ], [ 118.6378, 4.4896 ], [ 118.6277, 4.4955 ], [ 118.6713, 4.4914 ] ] ], [ [ [ 118.5761, 4.5467 ], [ 118.5549, 4.5504 ], [ 118.5567, 4.5396 ], [ 118.5206, 4.5363 ], [ 118.5723, 4.5619 ], [ 118.5824, 4.5778 ], [ 118.5761, 4.5467 ] ] ], [ [ [ 118.5092, 4.5729 ], [ 118.5008, 4.5679 ], [ 118.4942, 4.5774 ], [ 118.5031, 4.5777 ], [ 118.5092, 4.5729 ] ] ], [ [ [ 118.788, 4.5874 ], [ 118.782, 4.6112 ], [ 118.7836, 4.6123 ], [ 118.7945, 4.6037 ], [ 118.788, 4.5874 ] ] ], [ [ [ 118.7674, 4.6277 ], [ 118.781, 4.6117 ], [ 118.7486, 4.6242 ], [ 118.7219, 4.6039 ], [ 118.7402, 4.6286 ], [ 118.7674, 4.6277 ] ] ] ] } },
{ "type": "Feature", "properties": { "id": "sbh-sipitang", "slug": "sipitang", "name": "Sipitang", "state": "Sabah", "division": "Interior", "area_km2": 2584.5579096191846, "lon": 115.69831, "lat": 4.64487 }, "geometry": { "type": "Polygon", "coordinates": [ [ [ 115.6696, 4.1299 ], [ 115.684, 4.126 ], [ 115.7074, 4.1942 ], [ 115.7341, 4.1965 ], [ 115.7759, 4.2458 ], [ 115.7905, 4.2475 ], [ 115.8056, 4.2267 ], [ 115.8265, 4.2278 ], [ 115.8346, 4.2556 ], [ 115.8776, 4.2979 ], [ 115.8689, 4.3165 ], [ 115.8856, 4.3902 ], [ 115.8704, 4.395 ], [ 115.8637, 4.4562 ], [ 115.8708, 4.4903 ], [ 115.8551, 4.5122 ], [ 115.8626, 4.5797 ], [ 115.8395, 4.5975 ], [ 115.822, 4.6345 ], [ 115.8544, 4.8326 ], [ 115.8475, 4.8629 ], [ 115.8187, 4.8741 ], [ 115.8128, 4.8952 ], [ 115.8404, 4.9999 ], [ 115.8224, 5.0289 ], [ 115.8021, 5.0364 ], [ 115.8021, 5.052 ], [ 115.7829, 5.0514 ], [ 115.748, 5.0734 ], [ 115.7149, 5.0584 ], [ 115.694, 5.0613 ], [ 115.637, 5.1319 ], [ 115.5795, 5.1637 ], [ 115.5545, 5.1487 ], [ 115.5476, 5.0746 ], [ 115.533, 5.0711 ], [ 115.5086, 5.03 ], [ 115.4581, 5.0098 ], [ 115.4538, 4.9821 ], [ 115.4924, 4.9681 ], [ 115.5342, 4.9797 ], [ 115.5481, 4.993 ], [ 115.5946, 4.9993 ], [ 115.6196, 4.9993 ], [ 115.633, 4.986 ], [ 115.6626, 4.8563 ], [ 115.662, 4.7828 ], [ 115.6446, 4.7689 ], [ 115.6138, 4.6948 ], [ 115.5598, 4.6154 ], [ 115.5929, 4.525 ], [ 115.576, 4.4909 ], [ 115.6051, 4.4318 ], [ 115.5964, 4.3802 ], [ 115.6225, 4.357 ], [ 115.6702, 4.3408 ], [ 115.6847, 4.3026 ], [ 115.6522, 4.2498 ], [ 115.6452, 4.193 ], [ 115.6516, 4.1565 ], [ 115.6696, 4.1299 ] ] ] } },
{ "type": "Feature", "properties": { "id": "sbh-tambunan", "slug": "tambunan", "name": "Tambunan", "state": "Sabah", "division": "Interior", "area_km2": 1317.1780768131252, "lon": 116.42981, "lat": 5.70885 }, "geometry": { "type": "Polygon", "coordinates": [ [ [ 116.5514, 5.566 ], [ 116.5711, 5.5843 ], [ 116.5607, 5.605 ], [ 116.593, 5.658 ], [ 116.5889, 5.6798 ], [ 116.6001, 5.6942 ], [ 116.6016, 5.7224 ], [ 116.5986, 5.7357 ], [ 116.5722, 5.752 ], [ 116.5744, 5.7734 ], [ 116.5517, 5.7978 ], [ 116.5577, 5.8193 ], [ 116.5462, 5.8511 ], [ 116.5584, 5.8604 ], [ 116.5592, 5.8785 ], [ 116.5186, 5.8911 ], [ 116.4781, 5.924 ], [ 116.4554, 5.9236 ], [ 116.4119, 5.9033 ], [ 116.3926, 5.8378 ], [ 116.3728, 5.8167 ], [ 116.3405, 5.8278 ], [ 116.3319, 5.7712 ], [ 116.2925, 5.7472 ], [ 116.249, 5.6854 ], [ 116.2215, 5.6694 ], [ 116.1932, 5.6946 ], [ 116.1854, 5.6883 ], [ 116.1802, 5.6291 ], [ 116.194, 5.6061 ], [ 116.2349, 5.5743 ], [ 116.2546, 5.5399 ], [ 116.3327, 5.4947 ], [ 116.3654, 5.4944 ], [ 116.3855, 5.5336 ], [ 116.4651, 5.5317 ], [ 116.5514, 5.566 ] ] ] } },
{ "type": "Feature", "properties": { "id": "sbh-tawau", "slug": "tawau", "name": "Tawau", "state": "Sabah", "division": "Tawau", "area_km2": 2082.4155233571014, "lon": 117.97876, "lat": 4.42837 }, "geometry": { "type": "Polygon", "coordinates": [ [ [ 117.7046, 4.4463 ], [ 117.7378, 4.3565 ], [ 117.8037, 4.3418 ], [ 117.8125, 4.306 ], [ 117.8333, 4.3064 ], [ 117.8575, 4.286 ], [ 117.8557, 4.2749 ], [ 117.8638, 4.2775 ], [ 117.8832, 4.2419 ], [ 117.9271, 4.2485 ], [ 117.9788, 4.2229 ], [ 118.0773, 4.2545 ], [ 118.1246, 4.2827 ], [ 118.1751, 4.2979 ], [ 118.2157, 4.296 ], [ 118.2506, 4.3175 ], [ 118.3179, 4.3249 ], [ 118.3414, 4.3442 ], [ 118.3377, 4.3535 ], [ 118.322, 4.3557 ], [ 118.347, 4.3546 ], [ 118.3146, 4.375 ], [ 118.3034, 4.3939 ], [ 118.2878, 4.3939 ], [ 118.2532, 4.4169 ], [ 118.2346, 4.5074 ], [ 118.2358, 4.5441 ], [ 118.2164, 4.5767 ], [ 118.1811, 4.5841 ], [ 118.1617, 4.6004 ], [ 118.151, 4.596 ], [ 118.1175, 4.6075 ], [ 118.1041, 4.5982 ], [ 118.0974, 4.6112 ], [ 118.084, 4.6097 ], [ 118.0561, 4.6275 ], [ 118.0394, 4.6164 ], [ 118.023, 4.6279 ], [ 117.9992, 4.6153 ], [ 117.9572, 4.6119 ], [ 117.9442, 4.6442 ], [ 117.9263, 4.6431 ], [ 117.846, 4.596 ], [ 117.8415, 4.6197 ], [ 117.8233, 4.6255 ], [ 117.8087, 4.5529 ], [ 117.7691, 4.5042 ], [ 117.7186, 4.4787 ], [ 117.7046, 4.4463 ] ] ] } },
{ "type": "Feature", "properties": { "id": "sbh-telupid", "slug": "telupid", "name": "Telupid", "state": "Sabah", "division": "Sandakan", "area_km2": 1993.4000378237863, "lon": 117.18181, "lat": 5.79418 }, "geometry": { "type": "Polygon", "coordinates": [ [ [ 116.9143, 5.6231 ], [ 117.0167, 5.5891 ], [ 117.0697, 5.5878 ], [ 117.0811, 5.5538 ], [ 117.1307, 5.5564 ], [ 117.1884, 5.5384 ], [ 117.2689, 5.5558 ], [ 117.3124, 5.6225 ], [ 117.4135, 5.6654 ], [ 117.4013, 5.7066 ], [ 117.3714, 5.7549 ], [ 117.373, 5.7973 ], [ 117.336, 5.8268 ], [ 117.3279, 5.8667 ], [ 117.3413, 5.898 ], [ 117.3299, 5.9547 ], [ 117.3191, 5.958 ], [ 117.3252, 5.9987 ], [ 117.3188, 6.004 ], [ 117.2111, 5.9609 ], [ 117.1991, 5.8734 ], [ 117.1935, 5.8653 ], [ 117.1545, 5.8593 ], [ 117.13, 5.9011 ], [ 117.1257, 5.9472 ], [ 117.1154, 5.9626 ], [ 117.1193, 5.9971 ], [ 117.1352, 6.0159 ], [ 117.1309, 6.0484 ], [ 117.0677, 6.0364 ], [ 117.0265, 6.0405 ], [ 117.03, 6.0081 ], [ 116.9957, 5.9544 ], [ 116.9143, 5.9266 ], [ 116.8684, 5.885 ], [ 116.8644, 5.8648 ], [ 116.9899, 5.796 ], [ 117.0085, 5.737 ], [ 117.0102, 5.7098 ], [ 116.9986, 5.689 ], [ 116.9771, 5.6919 ], [ 116.9196, 5.6641 ], [ 116.9103, 5.6468 ], [ 116.9143, 5.6231 ] ] ] } },
{ "type": "Feature", "properties": { "id": "sbh-tenom", "slug": "tenom", "name": "Tenom", "state": "Sabah", "division": "Interior", "area_km2": 2147.2035085692055, "lon": 115.92451, "lat": 4.89142 }, "geometry": { "type": "Polygon", "coordinates": [ [ [ 115.885, 4.3904 ], [ 115.908, 4.4477 ], [ 115.9481, 4.5103 ], [ 115.998, 4.5348 ], [ 116.0152, 4.604 ], [ 116.0633, 4.6221 ], [ 116.076, 4.6402 ], [ 116.0906, 4.7144 ], [ 116.106, 4.7424 ], [ 116.1043, 4.7961 ], [ 116.0746, 4.861 ], [ 116.0378, 4.8829 ], [ 116.0303, 4.9251 ], [ 115.9928, 4.9392 ], [ 115.9812, 4.967 ], [ 116.0006, 5.0059 ], [ 115.9976, 5.0714 ], [ 116.0359, 5.2196 ], [ 116.0348, 5.2681 ], [ 116.0277, 5.2848 ], [ 116.0065, 5.2981 ], [ 116.0136, 5.3603 ], [ 116.008, 5.3862 ], [ 115.9972, 5.394 ], [ 115.9842, 5.3948 ], [ 115.976, 5.3618 ], [ 115.9507, 5.3588 ], [ 115.9466, 5.3081 ], [ 115.9299, 5.2915 ], [ 115.8868, 5.3063 ], [ 115.8637, 5.2944 ], [ 115.8313, 5.224 ], [ 115.8254, 5.2348 ], [ 115.815, 5.227 ], [ 115.7875, 5.1681 ], [ 115.7975, 5.1529 ], [ 115.7815, 5.1259 ], [ 115.7923, 5.0959 ], [ 115.7721, 5.058 ], [ 115.8021, 5.052 ], [ 115.8021, 5.0364 ], [ 115.8393, 5.0098 ], [ 115.8128, 4.8952 ], [ 115.8187, 4.8741 ], [ 115.8475, 4.8629 ], [ 115.8544, 4.8326 ], [ 115.822, 4.6345 ], [ 115.8395, 4.5975 ], [ 115.8626, 4.5797 ], [ 115.8551, 4.5122 ], [ 115.8708, 4.4903 ], [ 115.8637, 4.4562 ], [ 115.8704, 4.395 ], [ 115.885, 4.3904 ] ] ] } },
{ "type": "Feature", "properties": { "id": "sbh-tongod", "slug": "tongod", "name": "Tongod", "state": "Sabah", "division": "Sandakan", "area_km2": 10033.141402111802, "lon": 116.99703, "lat": 5.07719 }, "geometry": { "type": "Polygon", "coordinates": [ [ [ 117.048, 4.4932 ], [ 117.0904, 4.532 ], [ 117.1375, 4.5459 ], [ 117.1009, 4.5957 ], [ 117.0683, 4.6009 ], [ 117.048, 4.6253 ], [ 117.0747, 4.6531 ], [ 117.0933, 4.7052 ], [ 117.1119, 4.6971 ], [ 117.1497, 4.7023 ], [ 117.1811, 4.6901 ], [ 117.2223, 4.6913 ], [ 117.2618, 4.7069 ], [ 117.2833, 4.7498 ], [ 117.3008, 4.7608 ], [ 117.3199, 4.7614 ], [ 117.3769, 4.7139 ], [ 117.3978, 4.6826 ], [ 117.4147, 4.6757 ], [ 117.4333, 4.6757 ], [ 117.4827, 4.7185 ], [ 117.467, 4.7857 ], [ 117.4785, 4.8287 ], [ 117.4668, 5.2748 ], [ 117.472, 5.2686 ], [ 117.4835, 5.2759 ], [ 117.4821, 5.5738 ], [ 117.4693, 5.5945 ], [ 117.4338, 5.6172 ], [ 117.4284, 5.6599 ], [ 117.4144, 5.6659 ], [ 117.3124, 5.6225 ], [ 117.2689, 5.5558 ], [ 117.1884, 5.5384 ], [ 117.1307, 5.5564 ], [ 117.0811, 5.5538 ], [ 117.0697, 5.5878 ], [ 117.0167, 5.5891 ], [ 116.9143, 5.6231 ], [ 116.8818, 5.5849 ], [ 116.8742, 5.5369 ], [ 116.8382, 5.5161 ], [ 116.8475, 5.4935 ], [ 116.8365, 5.4854 ], [ 116.8051, 5.4837 ], [ 116.7714, 5.497 ], [ 116.7568, 5.5149 ], [ 116.659, 5.5399 ], [ 116.6391, 5.4973 ], [ 116.654, 5.4718 ], [ 116.6503, 5.4459 ], [ 116.6328, 5.4325 ], [ 116.5819, 5.4488 ], [ 116.5836, 5.3963 ], [ 116.5593, 5.3744 ], [ 116.5947, 5.2939 ], [ 116.5569, 5.2986 ], [ 116.5273, 5.2627 ], [ 116.4814, 5.2482 ], [ 116.4558, 5.2135 ], [ 116.4689, 5.1339 ], [ 116.4768, 5.1365 ], [ 116.4855, 5.1099 ], [ 116.5145, 5.1006 ], [ 116.5261, 5.0636 ], [ 116.543, 5.0532 ], [ 116.55, 4.993 ], [ 116.5256, 4.9704 ], [ 116.5354, 4.92 ], [ 116.5302, 4.894 ], [ 116.5523, 4.8152 ], [ 116.5738, 4.7996 ], [ 116.5773, 4.7498 ], [ 116.6244, 4.737 ], [ 116.6406, 4.7492 ], [ 116.6528, 4.7816 ], [ 116.6923, 4.8048 ], [ 116.7342, 4.8013 ], [ 116.7603, 4.7886 ], [ 116.7725, 4.8135 ], [ 116.8365, 4.722 ], [ 116.8574, 4.7156 ], [ 116.8725, 4.6924 ], [ 116.8638, 4.6531 ], [ 116.8214, 4.6154 ], [ 116.8301, 4.6079 ], [ 116.8551, 4.6108 ], [ 116.912, 4.5563 ], [ 116.9759, 4.5505 ], [ 117.0329, 4.5007 ], [ 117.048, 4.4932 ] ] ] } },
{ "type": "Feature", "properties": { "id": "sbh-tuaran", "slug": "tuaran", "name": "Tuaran", "state": "Sabah", "division": "West Coast", "area_km2": 1114.9250325652135, "lon": 116.32326, "lat": 6.06684 }, "geometry": { "type": "Polygon", "coordinates": [ [ [ 116.4198, 5.9097 ], [ 116.4988, 6.0191 ], [ 116.4738, 6.0162 ], [ 116.4477, 6.0624 ], [ 116.4372, 6.0636 ], [ 116.4134, 6.1144 ], [ 116.4268, 6.1381 ], [ 116.4117, 6.182 ], [ 116.4099, 6.2236 ], [ 116.3803, 6.2502 ], [ 116.3634, 6.2981 ], [ 116.3585, 6.3046 ], [ 116.2974, 6.2923 ], [ 116.2888, 6.2979 ], [ 116.2949, 6.3155 ], [ 116.2763, 6.2906 ], [ 116.2315, 6.2756 ], [ 116.2327, 6.2623 ], [ 116.1891, 6.2283 ], [ 116.1304, 6.1219 ], [ 116.1423, 6.0978 ], [ 116.1914, 6.1248 ], [ 116.1914, 6.0919 ], [ 116.2133, 6.0797 ], [ 116.2096, 6.0627 ], [ 116.2245, 6.0405 ], [ 116.2921, 6.0461 ], [ 116.2884, 6.0305 ], [ 116.2762, 6.0302 ], [ 116.2732, 5.9843 ], [ 116.259, 5.9802 ], [ 116.2438, 5.958 ], [ 116.2876, 5.8605 ], [ 116.3212, 5.8589 ], [ 116.3438, 5.8382 ], [ 116.3409, 5.8278 ], [ 116.3728, 5.8167 ], [ 116.3926, 5.8378 ], [ 116.4198, 5.9097 ] ] ] } },
{ "type": "Feature", "properties": { "id": "sgr-gombak", "slug": "gombak", "name": "Gombak", "state": "Selangor", "division": null, "area_km2": 631.97420420887829, "lon": 101.66142, "lat": 3.27628 }, "geometry": { "type": "Polygon", "coordinates": [ [ [ 101.4921, 3.2278 ], [ 101.5288, 3.2164 ], [ 101.5592, 3.2299 ], [ 101.5795, 3.2064 ], [ 101.6071, 3.1995 ], [ 101.6642, 3.2444 ], [ 101.6725, 3.2278 ], [ 101.6947, 3.2283 ], [ 101.7128, 3.2135 ], [ 101.7178, 3.2259 ], [ 101.7385, 3.2347 ], [ 101.7577, 3.1862 ], [ 101.7499, 3.1757 ], [ 101.7325, 3.1765 ], [ 101.7363, 3.1627 ], [ 101.7646, 3.1605 ], [ 101.7794, 3.1485 ], [ 101.7854, 3.16 ], [ 101.8021, 3.15 ], [ 101.8114, 3.1548 ], [ 101.8036, 3.1842 ], [ 101.8174, 3.2302 ], [ 101.8308, 3.2573 ], [ 101.8544, 3.2774 ], [ 101.8107, 3.3099 ], [ 101.7775, 3.3604 ], [ 101.7183, 3.3882 ], [ 101.6817, 3.3343 ], [ 101.6793, 3.3401 ], [ 101.6212, 3.3244 ], [ 101.5922, 3.3296 ], [ 101.584, 3.3436 ], [ 101.4992, 3.3534 ], [ 101.4754, 3.3865 ], [ 101.4488, 3.4006 ], [ 101.4455, 3.3379 ], [ 101.4317, 3.3045 ], [ 101.4622, 3.3004 ], [ 101.4626, 3.2777 ], [ 101.4927, 3.2751 ], [ 101.4921, 3.2278 ] ] ] } },
{ "type": "Feature", "properties": { "id": "sgr-klang", "slug": "klang", "name": "Klang", "state": "Selangor", "division": null, "area_km2": 620.780189883199, "lon": 101.42588, "lat": 3.05149 }, "geometry": { "type": "MultiPolygon", "coordinates": [ [ [ [ 101.2346, 2.9101 ], [ 101.2312, 2.9506 ], [ 101.2539, 2.9662 ], [ 101.2565, 2.9112 ], [ 101.2346, 2.9101 ] ] ], [ [ [ 101.3555, 2.9936 ], [ 101.3904, 2.9892 ], [ 101.3759, 2.981 ], [ 101.3365, 2.9197 ], [ 101.3484, 2.8982 ], [ 101.3212, 2.9149 ], [ 101.2904, 2.8863 ], [ 101.2736, 2.8948 ], [ 101.3205, 2.9736 ], [ 101.3555, 2.9936 ] ] ], [ [ [ 101.264, 3.004 ], [ 101.2149, 2.955 ], [ 101.1981, 2.9506 ], [ 101.2227, 3.0048 ], [ 101.2703, 3.0211 ], [ 101.264, 3.004 ] ] ], [ [ [ 101.2647, 2.9186 ], [ 101.2647, 2.9784 ], [ 101.306, 3.0631 ], [ 101.332, 3.0661 ], [ 101.3372, 2.9996 ], [ 101.306, 2.9821 ], [ 101.2773, 2.9227 ], [ 101.2647, 2.9186 ] ] ], [ [ [ 101.2089, 3.0107 ], [ 101.2461, 3.0557 ], [ 101.2647, 3.0601 ], [ 101.2773, 3.0449 ], [ 101.258, 3.0207 ], [ 101.2134, 3.0048 ], [ 101.2089, 3.0107 ] ] ], [ [ [ 101.3274, 3.1629 ], [ 101.4005, 3.1931 ], [ 101.4265, 3.1926 ], [ 101.4733, 3.1608 ], [ 101.4514, 3.1362 ], [ 101.4447, 3.093 ], [ 101.4752, 3.0852 ], [ 101.4802, 3.0607 ], [ 101.4912, 3.0631 ], [ 101.4966, 3.0407 ], [ 101.5181, 3.0305 ], [ 101.533, 3.0384 ], [ 101.5547, 3.0241 ], [ 101.558, 3.0155 ], [ 101.5473, 3.0162 ], [ 101.5503, 2.9944 ], [ 101.557, 2.9818 ], [ 101.5732, 2.9776 ], [ 101.563, 2.9639 ], [ 101.5243, 2.9498 ], [ 101.4231, 2.9506 ], [ 101.4388, 2.9669 ], [ 101.4172, 2.9773 ], [ 101.3867, 2.9372 ], [ 101.3848, 2.9145 ], [ 101.37, 2.9082 ], [ 101.3584, 2.9246 ], [ 101.3685, 2.958 ], [ 101.3915, 2.9806 ], [ 101.3919, 2.9981 ], [ 101.3651, 3.0003 ], [ 101.3566, 3.0137 ], [ 101.3607, 3.069 ], [ 101.3171, 3.1143 ], [ 101.3064, 3.1655 ], [ 101.3274, 3.1629 ] ] ] ] } },
{ "type": "Feature", "properties": { "id": "sgr-kuala-langat", "slug": "kuala-langat", "name": "Kuala Langat", "state": "Selangor", "division": null, "area_km2": 850.39230121135893, "lon": 101.52267, "lat": 2.81135 }, "geometry": { "type": "MultiPolygon", "coordinates": [ [ [ [ 101.5899, 2.642 ], [ 101.5894, 2.6422 ], [ 101.5896, 2.6423 ], [ 101.5899, 2.642 ] ] ], [ [ [ 101.5976, 2.646 ], [ 101.4829, 2.6878 ], [ 101.4081, 2.7888 ], [ 101.4081, 2.7999 ], [ 101.2924, 2.8377 ], [ 101.2855, 2.8767 ], [ 101.3205, 2.911 ], [ 101.3476, 2.8922 ], [ 101.3424, 2.9233 ], [ 101.3693, 2.9036 ], [ 101.3814, 2.9064 ], [ 101.3923, 2.9439 ], [ 101.4172, 2.9773 ], [ 101.4388, 2.9669 ], [ 101.4231, 2.9506 ], [ 101.5243, 2.9498 ], [ 101.5785, 2.9789 ], [ 101.6452, 2.8443 ], [ 101.6824, 2.8139 ], [ 101.6322, 2.7552 ], [ 101.6314, 2.7273 ], [ 101.5961, 2.7284 ], [ 101.5976, 2.646 ] ] ] ] } },
{ "type": "Feature", "properties": { "id": "sgr-kuala-selangor", "slug": "kuala-selangor", "name": "Kuala Selangor", "state": "Selangor", "division": null, "area_km2": 1185.0722838561419, "lon": 101.31024, "lat": 3.38388 }, "geometry": { "type": "Polygon", "coordinates": [ [ [ 101.0986, 3.4851 ], [ 101.1732, 3.3923 ], [ 101.1871, 3.3534 ], [ 101.2301, 3.3366 ], [ 101.2871, 3.2693 ], [ 101.3074, 3.2206 ], [ 101.3064, 3.1655 ], [ 101.3433, 3.1636 ], [ 101.3433, 3.176 ], [ 101.3688, 3.1764 ], [ 101.3692, 3.186 ], [ 101.4005, 3.1931 ], [ 101.4741, 3.1971 ], [ 101.4916, 3.1849 ], [ 101.4927, 3.2751 ], [ 101.4626, 3.2777 ], [ 101.4622, 3.3004 ], [ 101.4317, 3.3045 ], [ 101.4455, 3.3379 ], [ 101.444, 3.398 ], [ 101.4596, 3.4002 ], [ 101.4685, 3.4834 ], [ 101.3494, 3.5998 ], [ 101.1769, 3.5353 ], [ 101.0986, 3.4851 ] ] ] } },
{ "type": "Feature", "properties": { "id": "sgr-petaling", "slug": "petaling", "name": "Petaling", "state": "Selangor", "division": null, "area_km2": 504.22062418660704, "lon": 101.55162, "lat": 3.10159 }, "geometry": { "type": "Polygon", "coordinates": [ [ [ 101.4265, 3.1926 ], [ 101.4733, 3.1608 ], [ 101.4514, 3.1362 ], [ 101.4447, 3.093 ], [ 101.4752, 3.0852 ], [ 101.4802, 3.0607 ], [ 101.4912, 3.0631 ], [ 101.4966, 3.0407 ], [ 101.5181, 3.0305 ], [ 101.533, 3.0384 ], [ 101.5547, 3.0241 ], [ 101.558, 3.0155 ], [ 101.5473, 3.0162 ], [ 101.5477, 3.007 ], [ 101.557, 2.9818 ], [ 101.6637, 2.9778 ], [ 101.7282, 2.9899 ], [ 101.722, 3.0127 ], [ 101.7306, 3.0367 ], [ 101.7144, 3.0541 ], [ 101.6797, 3.0419 ], [ 101.654, 3.0462 ], [ 101.659, 3.0576 ], [ 101.648, 3.0724 ], [ 101.6628, 3.088 ], [ 101.6575, 3.1128 ], [ 101.644, 3.1211 ], [ 101.6485, 3.1275 ], [ 101.6292, 3.1306 ], [ 101.6149, 3.1536 ], [ 101.6192, 3.1981 ], [ 101.6297, 3.21 ], [ 101.5923, 3.2012 ], [ 101.5592, 3.2299 ], [ 101.5288, 3.2164 ], [ 101.4921, 3.2278 ], [ 101.4916, 3.1849 ], [ 101.4741, 3.1971 ], [ 101.4265, 3.1926 ] ] ] } },
{ "type": "Feature", "properties": { "id": "sgr-sabak-bernam", "slug": "sabak-bernam", "name": "Sabak Bernam", "state": "Selangor", "division": null, "area_km2": 977.88029828670233, "lon": 101.0947, "lat": 3.67755 }, "geometry": { "type": "Polygon", "coordinates": [ [ [ 101.2441, 3.7211 ], [ 101.2121, 3.709 ], [ 101.1999, 3.7281 ], [ 101.1964, 3.7177 ], [ 101.1767, 3.7107 ], [ 101.1691, 3.7194 ], [ 101.1813, 3.7188 ], [ 101.1906, 3.7304 ], [ 101.1709, 3.7304 ], [ 101.1645, 3.7496 ], [ 101.1621, 3.7275 ], [ 101.1529, 3.7455 ], [ 101.1534, 3.7298 ], [ 101.1348, 3.7351 ], [ 101.1436, 3.7449 ], [ 101.1337, 3.7612 ], [ 101.1232, 3.738 ], [ 101.111, 3.7455 ], [ 101.1058, 3.7339 ], [ 101.0959, 3.7449 ], [ 101.075, 3.7281 ], [ 101.0756, 3.7588 ], [ 101.0988, 3.7513 ], [ 101.0901, 3.7652 ], [ 101.0947, 3.7797 ], [ 101.0575, 3.7548 ], [ 101.0605, 3.7965 ], [ 101.0256, 3.7849 ], [ 101.0256, 3.8058 ], [ 100.9878, 3.7954 ], [ 100.975, 3.7681 ], [ 100.957, 3.7843 ], [ 100.9808, 3.8133 ], [ 100.9413, 3.8319 ], [ 100.9425, 3.8707 ], [ 100.885, 3.8551 ], [ 100.8251, 3.8533 ], [ 100.8106, 3.8178 ], [ 100.812, 3.7838 ], [ 100.8773, 3.764 ], [ 100.9085, 3.7414 ], [ 100.9454, 3.6663 ], [ 100.9638, 3.6762 ], [ 101.0418, 3.6168 ], [ 101.0773, 3.5545 ], [ 101.0986, 3.4851 ], [ 101.1769, 3.5353 ], [ 101.3495, 3.5992 ], [ 101.3409, 3.6556 ], [ 101.346, 3.6906 ], [ 101.339, 3.6972 ], [ 101.301, 3.6718 ], [ 101.2662, 3.6707 ], [ 101.2493, 3.6794 ], [ 101.2441, 3.7211 ] ] ] } },
{ "type": "Feature", "properties": { "id": "sgr-sepang", "slug": "sepang", "name": "Sepang", "state": "Selangor", "division": null, "area_km2": 599.06922192071181, "lon": 101.70756, "lat": 2.78452 }, "geometry": { "type": "Polygon", "coordinates": [ [ [ 101.7912, 2.8702 ], [ 101.7723, 2.884 ], [ 101.759, 2.9113 ], [ 101.7513, 2.9533 ], [ 101.733, 2.9625 ], [ 101.7325, 2.9775 ], [ 101.7423, 2.982 ], [ 101.728, 3.0018 ], [ 101.7282, 2.9899 ], [ 101.6637, 2.9778 ], [ 101.5785, 2.9789 ], [ 101.6452, 2.8443 ], [ 101.6824, 2.8139 ], [ 101.6322, 2.7552 ], [ 101.6314, 2.7273 ], [ 101.5961, 2.7284 ], [ 101.5976, 2.646 ], [ 101.5894, 2.6422 ], [ 101.6805, 2.6147 ], [ 101.6894, 2.598 ], [ 101.7095, 2.5932 ], [ 101.7028, 2.6077 ], [ 101.7307, 2.6177 ], [ 101.7251, 2.6359 ], [ 101.7474, 2.6549 ], [ 101.7408, 2.6734 ], [ 101.7645, 2.7251 ], [ 101.7508, 2.8712 ], [ 101.7912, 2.8702 ] ] ] } },
{ "type": "Feature", "properties": { "id": "sgr-ulu-langat", "slug": "ulu-langat", "name": "Ulu Langat", "state": "Selangor", "division": null, "area_km2": 839.22086731503373, "lon": 101.85578, "lat": 3.07341 }, "geometry": { "type": "Polygon", "coordinates": [ [ [ 101.8544, 3.2774 ], [ 101.8308, 3.2573 ], [ 101.8122, 3.2172 ], [ 101.8036, 3.1842 ], [ 101.8114, 3.1548 ], [ 101.8021, 3.15 ], [ 101.7854, 3.16 ], [ 101.7794, 3.1485 ], [ 101.7527, 3.1612 ], [ 101.7358, 3.1394 ], [ 101.7387, 3.1135 ], [ 101.7544, 3.1147 ], [ 101.7432, 3.0826 ], [ 101.7494, 3.0548 ], [ 101.7306, 3.0548 ], [ 101.722, 3.0127 ], [ 101.7423, 2.982 ], [ 101.7325, 2.9775 ], [ 101.733, 2.9625 ], [ 101.7513, 2.9533 ], [ 101.759, 2.9113 ], [ 101.7723, 2.884 ], [ 101.7912, 2.8702 ], [ 101.8816, 2.8677 ], [ 101.9312, 2.9959 ], [ 101.9423, 3.0059 ], [ 101.9397, 3.0167 ], [ 101.9691, 3.0323 ], [ 101.9501, 3.1103 ], [ 101.9672, 3.14 ], [ 101.9565, 3.1459 ], [ 101.9423, 3.1842 ], [ 101.9494, 3.2087 ], [ 101.9431, 3.2302 ], [ 101.9274, 3.2603 ], [ 101.8996, 3.2676 ], [ 101.8845, 3.2612 ], [ 101.8544, 3.2774 ] ] ] } },
{ "type": "Feature", "properties": { "id": "sgr-ulu-selangor", "slug": "ulu-selangor", "name": "Ulu Selangor", "state": "Selangor", "division": null, "area_km2": 1748.6584174706284, "lon": 101.59283, "lat": 3.57075 }, "geometry": { "type": "Polygon", "coordinates": [ [ [ 101.339, 3.6972 ], [ 101.3486, 3.6828 ], [ 101.3409, 3.6556 ], [ 101.3494, 3.5998 ], [ 101.4685, 3.4834 ], [ 101.4596, 3.401 ], [ 101.4992, 3.3534 ], [ 101.584, 3.3436 ], [ 101.5922, 3.3296 ], [ 101.6392, 3.3244 ], [ 101.6526, 3.3354 ], [ 101.6817, 3.3343 ], [ 101.7183, 3.3882 ], [ 101.7527, 3.3717 ], [ 101.766, 3.3839 ], [ 101.7654, 3.4015 ], [ 101.7881, 3.427 ], [ 101.7611, 3.4893 ], [ 101.7668, 3.5191 ], [ 101.8023, 3.5601 ], [ 101.8122, 3.5941 ], [ 101.7384, 3.7102 ], [ 101.6859, 3.706 ], [ 101.6519, 3.7286 ], [ 101.6247, 3.7785 ], [ 101.6015, 3.7716 ], [ 101.5782, 3.7467 ], [ 101.5666, 3.6979 ], [ 101.5236, 3.6805 ], [ 101.4626, 3.7153 ], [ 101.4411, 3.7501 ], [ 101.3992, 3.7641 ], [ 101.3806, 3.7948 ], [ 101.3644, 3.8035 ], [ 101.3283, 3.7849 ], [ 101.3243, 3.7727 ], [ 101.344, 3.7159 ], [ 101.339, 3.6972 ] ] ] } },
{ "type": "Feature", "properties": { "id": "swk-asajaya", "slug": "asajaya", "name": "Asajaya", "state": "Sarawak", "division": null, "area_km2": 266.30858657997226, "lon": 110.6094, "lat": 1.52509 }, "geometry": { "type": "Polygon", "coordinates": [ [ [ 110.4808, 1.5229 ], [ 110.6604, 1.5154 ], [ 110.6482, 1.495 ], [ 110.6478, 1.4577 ], [ 110.6848, 1.4536 ], [ 110.7421, 1.4893 ], [ 110.7414, 1.5209 ], [ 110.7235, 1.5511 ], [ 110.6651, 1.5678 ], [ 110.6432, 1.5882 ], [ 110.5952, 1.6001 ], [ 110.5417, 1.5834 ], [ 110.5192, 1.5955 ], [ 110.4855, 1.5926 ], [ 110.4681, 1.5508 ], [ 110.4808, 1.5229 ] ] ] } },
{ "type": "Feature", "properties": { "id": "swk-bau", "slug": "bau", "name": "Bau", "state": "Sarawak", "division": null, "area_km2": 971.48097907136821, "lon": 110.11139, "lat": 1.38291 }, "geometry": { "type": "Polygon", "coordinates": [ [ [ 109.9485, 1.4474 ], [ 109.9223, 1.4238 ], [ 109.9648, 1.3864 ], [ 109.9602, 1.3603 ], [ 109.9811, 1.2952 ], [ 110.0119, 1.2923 ], [ 110.0607, 1.2644 ], [ 110.0624, 1.2319 ], [ 110.0392, 1.2109 ], [ 110.0456, 1.2051 ], [ 110.0799, 1.2133 ], [ 110.1153, 1.1912 ], [ 110.1537, 1.1999 ], [ 110.2025, 1.2719 ], [ 110.2821, 1.4265 ], [ 110.2833, 1.4515 ], [ 110.2676, 1.4724 ], [ 110.2071, 1.5037 ], [ 110.1996, 1.5705 ], [ 110.1566, 1.5525 ], [ 110.1455, 1.5549 ], [ 110.1387, 1.5723 ], [ 110.1339, 1.5456 ], [ 110.106, 1.5241 ], [ 110.0282, 1.527 ], [ 109.991, 1.4683 ], [ 109.9485, 1.4474 ] ] ] } },
{ "type": "Feature", "properties": { "id": "swk-belaga", "slug": "belaga", "name": "Belaga", "state": "Sarawak", "division": null, "area_km2": 16162.635612277687, "lon": 114.38497, "lat": 2.6733 }, "geometry": { "type": "Polygon", "coordinates": [ [ [ 113.7086, 2.3134 ], [ 113.8152, 2.214 ], [ 113.8914, 2.0861 ], [ 113.955, 2.0335 ], [ 114.0176, 1.9972 ], [ 114.0576, 1.9826 ], [ 114.1093, 1.9836 ], [ 114.2056, 1.9908 ], [ 114.281, 2.0081 ], [ 114.429, 2.009 ], [ 114.5642, 2.0571 ], [ 114.6668, 2.0698 ], [ 114.794, 2.1088 ], [ 114.7869, 2.1734 ], [ 114.8049, 2.2483 ], [ 114.8328, 2.2443 ], [ 114.8555, 2.2565 ], [ 114.9223, 2.2617 ], [ 114.9589, 2.2913 ], [ 114.9606, 2.3029 ], [ 114.9432, 2.3232 ], [ 114.9618, 2.3679 ], [ 114.974, 2.3703 ], [ 114.992, 2.3494 ], [ 115.0077, 2.3656 ], [ 115.0234, 2.3674 ], [ 115.035, 2.3917 ], [ 115.0501, 2.3952 ], [ 115.0478, 2.4028 ], [ 115.0885, 2.401 ], [ 115.1036, 2.4417 ], [ 115.1443, 2.473 ], [ 115.2041, 2.4724 ], [ 115.239, 2.4974 ], [ 115.2431, 2.5142 ], [ 115.2396, 2.5311 ], [ 115.2157, 2.5409 ], [ 115.2088, 2.57 ], [ 115.1762, 2.6071 ], [ 115.1675, 2.6106 ], [ 115.1216, 2.5886 ], [ 115.1001, 2.6118 ], [ 115.1222, 2.6611 ], [ 115.1204, 2.6913 ], [ 115.1071, 2.7087 ], [ 115.1135, 2.7261 ], [ 115.1478, 2.7488 ], [ 115.1501, 2.8109 ], [ 115.0978, 2.8231 ], [ 115.0734, 2.772 ], [ 114.9612, 2.6907 ], [ 114.9194, 2.6959 ], [ 114.888, 2.7145 ], [ 114.7555, 2.7145 ], [ 114.6893, 2.7755 ], [ 114.6811, 2.8265 ], [ 114.634, 2.8596 ], [ 114.6195, 2.8863 ], [ 114.5986, 2.8944 ], [ 114.5597, 2.8881 ], [ 114.5196, 2.9148 ], [ 114.4992, 2.9734 ], [ 114.4545, 2.9827 ], [ 114.426, 3.0035 ], [ 114.3941, 3.0842 ], [ 114.3528, 3.0842 ], [ 114.3121, 3.1208 ], [ 114.2918, 3.1486 ], [ 114.2941, 3.1707 ], [ 114.308, 3.1927 ], [ 114.3505, 3.1985 ], [ 114.3214, 3.2461 ], [ 114.279, 3.2687 ], [ 114.1907, 3.3615 ], [ 114.1674, 3.3563 ], [ 114.1564, 3.3366 ], [ 114.1273, 3.3209 ], [ 114.0605, 3.314 ], [ 114.0471, 3.3215 ], [ 114.0553, 3.3494 ], [ 114.0487, 3.3686 ], [ 114.0099, 3.3436 ], [ 113.9879, 3.3041 ], [ 113.9146, 3.2351 ], [ 113.9257, 3.1875 ], [ 113.9042, 3.1724 ], [ 113.8862, 3.1051 ], [ 113.8164, 3.0302 ], [ 113.7409, 2.9194 ], [ 113.7415, 2.8991 ], [ 113.6961, 2.8463 ], [ 113.6792, 2.8012 ], [ 113.7031, 2.8126 ], [ 113.7078, 2.776 ], [ 113.688, 2.7546 ], [ 113.6985, 2.743 ], [ 113.6944, 2.7267 ], [ 113.6566, 2.6977 ], [ 113.6438, 2.6332 ], [ 113.6264, 2.6303 ], [ 113.6107, 2.6483 ], [ 113.5944, 2.6483 ], [ 113.5416, 2.5932 ], [ 113.505, 2.5781 ], [ 113.4805, 2.5409 ], [ 113.4689, 2.5409 ], [ 113.4665, 2.5497 ], [ 113.3775, 2.5308 ], [ 113.3273, 2.4765 ], [ 113.3526, 2.4085 ], [ 113.3797, 2.3892 ], [ 113.405, 2.3874 ], [ 113.44, 2.407 ], [ 113.4667, 2.4368 ], [ 113.505, 2.4464 ], [ 113.5199, 2.4405 ], [ 113.5367, 2.416 ], [ 113.6103, 2.4531 ], [ 113.6397, 2.4836 ], [ 113.6572, 2.484 ], [ 113.6765, 2.4639 ], [ 113.6627, 2.4357 ], [ 113.6854, 2.4193 ], [ 113.6862, 2.3743 ], [ 113.7141, 2.3368 ], [ 113.7086, 2.3134 ] ] ] } },
{ "type": "Feature", "properties": { "id": "swk-beluru", "slug": "beluru", "name": "Beluru", "state": "Sarawak", "division": null, "area_km2": 4840.3408359538107, "lon": 114.11083, "lat": 3.55757 }, "geometry": { "type": "Polygon", "coordinates": [ [ [ 114.0487, 3.3686 ], [ 114.0553, 3.3494 ], [ 114.0471, 3.3215 ], [ 114.0605, 3.314 ], [ 114.1273, 3.3209 ], [ 114.1564, 3.3366 ], [ 114.1674, 3.3563 ], [ 114.1907, 3.3615 ], [ 114.279, 3.2687 ], [ 114.3214, 3.2461 ], [ 114.3505, 3.1985 ], [ 114.3034, 3.1887 ], [ 114.2924, 3.1591 ], [ 114.2982, 3.1382 ], [ 114.3528, 3.0842 ], [ 114.3941, 3.0842 ], [ 114.426, 3.0035 ], [ 114.4545, 2.9827 ], [ 114.4992, 2.9734 ], [ 114.5196, 2.9148 ], [ 114.5524, 2.8933 ], [ 114.5591, 2.949 ], [ 114.5393, 2.9896 ], [ 114.5376, 3.054 ], [ 114.6396, 3.0639 ], [ 114.6805, 3.0494 ], [ 114.7013, 3.0838 ], [ 114.705, 3.1002 ], [ 114.6895, 3.1237 ], [ 114.6351, 3.1546 ], [ 114.6323, 3.1872 ], [ 114.5615, 3.2942 ], [ 114.5288, 3.3078 ], [ 114.478, 3.3567 ], [ 114.3926, 3.4791 ], [ 114.3136, 3.5026 ], [ 114.2501, 3.5706 ], [ 114.2464, 3.5915 ], [ 114.2537, 3.5951 ], [ 114.2737, 3.5797 ], [ 114.3164, 3.5887 ], [ 114.3318, 3.6304 ], [ 114.3663, 3.6504 ], [ 114.3736, 3.6649 ], [ 114.379, 3.7065 ], [ 114.3636, 3.7247 ], [ 114.3563, 3.7672 ], [ 114.4099, 3.8859 ], [ 114.4117, 3.9747 ], [ 114.3382, 3.9819 ], [ 114.3091, 4.0254 ], [ 114.2973, 4.0136 ], [ 114.2882, 3.943 ], [ 114.261, 3.9149 ], [ 114.2573, 3.9294 ], [ 114.2719, 3.9457 ], [ 114.2119, 4.0743 ], [ 114.2203, 4.1849 ], [ 114.1866, 4.2052 ], [ 114.0779, 4.229 ], [ 114.0047, 4.2162 ], [ 113.9942, 4.1849 ], [ 113.9681, 4.1646 ], [ 113.9913, 4.1194 ], [ 113.9913, 4.0458 ], [ 114.007, 3.9878 ], [ 114.0274, 3.9571 ], [ 114.0285, 3.9334 ], [ 114.0239, 3.8939 ], [ 113.9931, 3.8568 ], [ 114.0104, 3.8053 ], [ 114.0058, 3.7881 ], [ 113.9822, 3.7663 ], [ 114.0095, 3.7455 ], [ 114.0231, 3.7147 ], [ 114.0022, 3.6884 ], [ 113.9931, 3.6458 ], [ 113.9622, 3.6069 ], [ 113.9548, 3.5651 ], [ 114.0059, 3.5025 ], [ 114.0047, 3.481 ], [ 113.9797, 3.4549 ], [ 113.9942, 3.4004 ], [ 114.0041, 3.3987 ], [ 114.0152, 3.4178 ], [ 114.0407, 3.419 ], [ 114.0634, 3.3958 ], [ 114.0487, 3.3686 ] ] ] } },
{ "type": "Feature", "properties": { "id": "swk-betong", "slug": "betong", "name": "Betong", "state": "Sarawak", "division": null, "area_km2": 1610.7891055113985, "lon": 111.48582, "lat": 1.49956 }, "geometry": { "type": "Polygon", "coordinates": [ [ [ 111.511, 1.2884 ], [ 111.5655, 1.2982 ], [ 111.6332, 1.3484 ], [ 111.6555, 1.3841 ], [ 111.6816, 1.4778 ], [ 111.6901, 1.4693 ], [ 111.7109, 1.4704 ], [ 111.7511, 1.5042 ], [ 111.7918, 1.5949 ], [ 111.7471, 1.6716 ], [ 111.7006, 1.6432 ], [ 111.6652, 1.6432 ], [ 111.6303, 1.6623 ], [ 111.5617, 1.6629 ], [ 111.5286, 1.7007 ], [ 111.5141, 1.7024 ], [ 111.4525, 1.6484 ], [ 111.4234, 1.6385 ], [ 111.4042, 1.6432 ], [ 111.3827, 1.6832 ], [ 111.3711, 1.6809 ], [ 111.3246, 1.6658 ], [ 111.3101, 1.6507 ], [ 111.3118, 1.6321 ], [ 111.3561, 1.5931 ], [ 111.3491, 1.5507 ], [ 111.2747, 1.57 ], [ 111.2196, 1.5555 ], [ 111.1929, 1.5328 ], [ 111.2591, 1.4577 ], [ 111.3816, 1.416 ], [ 111.4281, 1.4125 ], [ 111.4838, 1.3864 ], [ 111.511, 1.2884 ] ] ] } },
{ "type": "Feature", "properties": { "id": "swk-bintulu", "slug": "bintulu", "name": "Bintulu", "state": "Sarawak", "division": null, "area_km2": 1977.6444644876108, "lon": 113.25757, "lat": 3.31437 }, "geometry": { "type": "Polygon", "coordinates": [ [ [ 112.9988, 2.9666 ], [ 113.1795, 3.0732 ], [ 113.1975, 3.0981 ], [ 113.1853, 3.137 ], [ 113.2109, 3.202 ], [ 113.2376, 3.2142 ], [ 113.3045, 3.2182 ], [ 113.3283, 3.2449 ], [ 113.3544, 3.2525 ], [ 113.3591, 3.2855 ], [ 113.4399, 3.3557 ], [ 113.4678, 3.4056 ], [ 113.5328, 3.4491 ], [ 113.5142, 3.4613 ], [ 113.509, 3.488 ], [ 113.5061, 3.5477 ], [ 113.5195, 3.5785 ], [ 113.516, 3.6069 ], [ 113.4805, 3.6742 ], [ 113.4474, 3.6997 ], [ 113.4253, 3.7113 ], [ 113.3725, 3.6237 ], [ 113.2963, 3.5454 ], [ 113.3016, 3.5182 ], [ 113.2766, 3.4834 ], [ 113.1945, 3.4173 ], [ 113.1729, 3.3921 ], [ 113.1577, 3.3483 ], [ 113.0636, 3.2807 ], [ 113.0539, 3.2666 ], [ 113.0773, 3.2625 ], [ 113.0669, 3.258 ], [ 113.0747, 3.2424 ], [ 113.0294, 3.1793 ], [ 112.9687, 3.1366 ], [ 112.8779, 3.0992 ], [ 112.896, 3.0481 ], [ 112.927, 3.036 ], [ 112.9252, 2.9988 ], [ 112.9412, 2.9647 ], [ 112.9256, 2.9324 ], [ 112.9319, 2.919 ], [ 112.9587, 2.9216 ], [ 112.9988, 2.9666 ] ] ] } },
{ "type": "Feature", "properties": { "id": "swk-bukit-mabong", "slug": "bukit-mabong", "name": "Bukit Mabong", "state": "Sarawak", "division": null, "area_km2": 15074.339745339919, "lon": 113.83338, "lat": 1.77236 }, "geometry": { "type": "Polygon", "coordinates": [ [ [ 112.8962, 1.5923 ], [ 112.9215, 1.5671 ], [ 112.9424, 1.5717 ], [ 112.9709, 1.5636 ], [ 112.9982, 1.5804 ], [ 113.0546, 1.5554 ], [ 113.0662, 1.5392 ], [ 113.0331, 1.4898 ], [ 113.0366, 1.477 ], [ 112.979, 1.4503 ], [ 112.9697, 1.4085 ], [ 113.0157, 1.4079 ], [ 113.0947, 1.4398 ], [ 113.1162, 1.4265 ], [ 113.1313, 1.3922 ], [ 113.1708, 1.3794 ], [ 113.2161, 1.3922 ], [ 113.3178, 1.3788 ], [ 113.3562, 1.3544 ], [ 113.3632, 1.3312 ], [ 113.3881, 1.3196 ], [ 113.4195, 1.2853 ], [ 113.4503, 1.2911 ], [ 113.4904, 1.3167 ], [ 113.5142, 1.3155 ], [ 113.5369, 1.3266 ], [ 113.5793, 1.3022 ], [ 113.5973, 1.2603 ], [ 113.627, 1.2406 ], [ 113.6258, 1.2278 ], [ 113.6491, 1.2226 ], [ 113.7017, 1.2629 ], [ 113.8061, 1.3001 ], [ 113.8251, 1.3491 ], [ 113.8179, 1.3609 ], [ 113.8306, 1.3755 ], [ 113.8787, 1.4018 ], [ 113.9205, 1.4118 ], [ 113.9704, 1.4508 ], [ 114.0095, 1.4435 ], [ 114.0803, 1.4653 ], [ 114.1039, 1.4563 ], [ 114.1339, 1.4671 ], [ 114.2046, 1.4096 ], [ 114.2348, 1.4433 ], [ 114.2755, 1.4451 ], [ 114.3086, 1.4689 ], [ 114.3667, 1.4875 ], [ 114.4004, 1.5159 ], [ 114.4684, 1.4741 ], [ 114.4946, 1.4706 ], [ 114.5341, 1.4364 ], [ 114.5661, 1.4311 ], [ 114.6102, 1.5003 ], [ 114.6015, 1.5415 ], [ 114.612, 1.5554 ], [ 114.6125, 1.5793 ], [ 114.6271, 1.5804 ], [ 114.6637, 1.6153 ], [ 114.6777, 1.6541 ], [ 114.7013, 1.6759 ], [ 114.7204, 1.744 ], [ 114.7113, 1.7766 ], [ 114.7159, 1.7993 ], [ 114.6995, 1.8193 ], [ 114.724, 1.862 ], [ 114.7495, 1.8674 ], [ 114.7813, 1.852 ], [ 114.7967, 1.8783 ], [ 114.8194, 1.8946 ], [ 114.8548, 1.9001 ], [ 114.873, 1.9336 ], [ 114.8503, 1.9636 ], [ 114.8766, 1.9972 ], [ 114.8929, 2.0008 ], [ 114.8929, 2.0226 ], [ 114.8711, 2.0344 ], [ 114.8475, 2.0171 ], [ 114.8185, 2.0162 ], [ 114.8076, 2.0371 ], [ 114.8194, 2.0552 ], [ 114.8058, 2.0698 ], [ 114.8185, 2.0906 ], [ 114.8112, 2.1124 ], [ 114.6668, 2.0698 ], [ 114.5642, 2.0571 ], [ 114.429, 2.009 ], [ 114.281, 2.0081 ], [ 114.2056, 1.9908 ], [ 114.0576, 1.9826 ], [ 113.994, 2.0099 ], [ 113.9205, 2.058 ], [ 113.8778, 2.1024 ], [ 113.8152, 2.214 ], [ 113.7086, 2.3134 ], [ 113.6337, 2.3167 ], [ 113.5233, 2.3041 ], [ 113.4202, 2.2342 ], [ 113.2975, 2.225 ], [ 113.2971, 2.1748 ], [ 113.283, 2.1532 ], [ 113.1941, 2.1443 ], [ 113.1644, 2.1625 ], [ 113.1383, 2.1629 ], [ 113.1365, 2.1417 ], [ 113.1569, 2.1213 ], [ 113.1242, 2.0271 ], [ 113.1287, 2.0108 ], [ 113.1768, 1.9699 ], [ 113.195, 1.9327 ], [ 113.2422, 1.9218 ], [ 113.2685, 1.9001 ], [ 113.2695, 1.8855 ], [ 113.2492, 1.8667 ], [ 113.0937, 1.8618 ], [ 113.0387, 1.8061 ], [ 112.9397, 1.7681 ], [ 112.9419, 1.7465 ], [ 112.9221, 1.721 ], [ 112.846, 1.7024 ], [ 112.8884, 1.7036 ], [ 112.9233, 1.6803 ], [ 112.932, 1.6321 ], [ 112.9018, 1.6153 ], [ 112.8962, 1.5923 ] ] ] } },
{ "type": "Feature", "properties": { "id": "swk-dalat", "slug": "dalat", "name": "Dalat", "state": "Sarawak", "division": null, "area_km2": 982.04048606253423, "lon": 111.9759, "lat": 2.70117 }, "geometry": { "type": "Polygon", "coordinates": [ [ [ 111.9939, 2.5329 ], [ 112.0057, 2.5409 ], [ 112.0179, 2.527 ], [ 112.2114, 2.5154 ], [ 112.2172, 2.5688 ], [ 112.1765, 2.5886 ], [ 112.1446, 2.6779 ], [ 112.033, 2.7586 ], [ 111.9859, 2.8904 ], [ 111.7779, 2.8608 ], [ 111.8075, 2.8144 ], [ 111.843, 2.7818 ], [ 111.8476, 2.7476 ], [ 111.8395, 2.7151 ], [ 111.8436, 2.6983 ], [ 111.8575, 2.6896 ], [ 111.8575, 2.6733 ], [ 111.9261, 2.6536 ], [ 111.947, 2.5787 ], [ 111.9939, 2.5329 ] ] ] } },
{ "type": "Feature", "properties": { "id": "swk-daro", "slug": "daro", "name": "Daro", "state": "Sarawak", "division": null, "area_km2": 1191.1864136083846, "lon": 111.42811, "lat": 2.56562 }, "geometry": { "type": "Polygon", "coordinates": [ [ [ 111.5588, 2.3246 ], [ 111.6001, 2.326 ], [ 111.6102, 2.3755 ], [ 111.5938, 2.3734 ], [ 111.5907, 2.3819 ], [ 111.6017, 2.3933 ], [ 111.5952, 2.435 ], [ 111.6081, 2.4438 ], [ 111.5802, 2.4578 ], [ 111.5914, 2.4957 ], [ 111.5762, 2.5154 ], [ 111.5698, 2.5514 ], [ 111.431, 2.6745 ], [ 111.4326, 2.7021 ], [ 111.4026, 2.7683 ], [ 111.3609, 2.7656 ], [ 111.3373, 2.8027 ], [ 111.3236, 2.8 ], [ 111.2828, 2.7302 ], [ 111.281, 2.6304 ], [ 111.31, 2.5052 ], [ 111.2996, 2.4619 ], [ 111.3001, 2.405 ], [ 111.3278, 2.3909 ], [ 111.3289, 2.3722 ], [ 111.357, 2.341 ], [ 111.3767, 2.3431 ], [ 111.3819, 2.3587 ], [ 111.3996, 2.3691 ], [ 111.4319, 2.3743 ], [ 111.4652, 2.3629 ], [ 111.4915, 2.34 ], [ 111.5454, 2.3621 ], [ 111.5588, 2.3246 ] ] ] } },
{ "type": "Feature", "properties": { "id": "swk-julau", "slug": "julau", "name": "Julau", "state": "Sarawak", "division": null, "area_km2": 1604.1571704016781, "lon": 111.9103, "lat": 1.83098 }, "geometry": { "type": "Polygon", "coordinates": [ [ [ 111.8886, 1.5812 ], [ 111.9586, 1.5694 ], [ 112.0214, 1.5787 ], [ 112.065, 1.6025 ], [ 112.0719, 1.6315 ], [ 112.1033, 1.6298 ], [ 112.1603, 1.6461 ], [ 112.173, 1.6606 ], [ 112.1945, 1.7355 ], [ 112.1887, 1.7512 ], [ 112.162, 1.7669 ], [ 112.1096, 1.7756 ], [ 112.0345, 1.8377 ], [ 112.0568, 1.8815 ], [ 112.0222, 1.9299 ], [ 111.9713, 1.9496 ], [ 111.9672, 1.9904 ], [ 111.9836, 2.0391 ], [ 111.9765, 2.0782 ], [ 111.9579, 2.0897 ], [ 111.8727, 2.0848 ], [ 111.8285, 2.0577 ], [ 111.7954, 2.0585 ], [ 111.74, 1.9995 ], [ 111.7466, 1.9574 ], [ 111.7656, 1.9317 ], [ 111.7686, 1.8886 ], [ 111.7831, 1.8633 ], [ 111.7816, 1.8369 ], [ 111.7675, 1.8109 ], [ 111.7708, 1.7949 ], [ 111.8184, 1.7343 ], [ 111.8921, 1.6916 ], [ 111.8761, 1.6432 ], [ 111.8976, 1.6315 ], [ 111.8886, 1.5812 ] ] ] } },
{ "type": "Feature", "properties": { "id": "swk-kabong", "slug": "kabong", "name": "Kabong", "state": "Sarawak", "division": null, "area_km2": 803.10165324900834, "lon": 111.25983, "lat": 1.88543 }, "geometry": { "type": "Polygon", "coordinates": [ [ [ 111.1756, 1.7177 ], [ 111.1795, 1.7485 ], [ 111.1966, 1.7641 ], [ 111.3822, 1.88 ], [ 111.4264, 1.9202 ], [ 111.431, 1.9783 ], [ 111.3595, 2.0079 ], [ 111.295, 2.016 ], [ 111.2909, 2.0468 ], [ 111.281, 2.0573 ], [ 111.2694, 2.0544 ], [ 111.2624, 2.0282 ], [ 111.2046, 2.077 ], [ 111.1754, 2.0031 ], [ 111.168, 1.9507 ], [ 111.1061, 1.8395 ], [ 111.1003, 1.7791 ], [ 111.0516, 1.7102 ], [ 111.0828, 1.6975 ], [ 111.1468, 1.6949 ], [ 111.1756, 1.7177 ] ] ] } },
{ "type": "Feature", "properties": { "id": "swk-kanowit", "slug": "kanowit", "name": "Kanowit", "state": "Sarawak", "division": null, "area_km2": 2156.8884727306563, "lon": 112.2299, "lat": 1.94509 }, "geometry": { "type": "Polygon", "coordinates": [ [ [ 112.1807, 1.7033 ], [ 112.2149, 1.7064 ], [ 112.245, 1.6823 ], [ 112.255, 1.7031 ], [ 112.2971, 1.7291 ], [ 112.3131, 1.754 ], [ 112.4012, 1.7644 ], [ 112.4499, 1.8001 ], [ 112.451, 1.8191 ], [ 112.3759, 1.873 ], [ 112.3837, 1.88 ], [ 112.4209, 1.8756 ], [ 112.4399, 1.8979 ], [ 112.4589, 1.902 ], [ 112.4897, 1.9733 ], [ 112.4771, 1.999 ], [ 112.4466, 2.002 ], [ 112.4034, 2.0336 ], [ 112.3927, 2.0692 ], [ 112.4139, 2.0756 ], [ 112.4172, 2.1636 ], [ 112.2655, 2.1908 ], [ 112.1866, 2.1919 ], [ 112.1279, 2.2119 ], [ 112.1067, 2.1729 ], [ 112.0769, 2.1595 ], [ 112.0525, 2.0844 ], [ 112.0253, 2.0749 ], [ 112.0008, 2.0853 ], [ 111.9765, 2.0782 ], [ 111.9836, 2.0391 ], [ 111.9672, 1.9904 ], [ 111.9713, 1.9496 ], [ 112.0085, 1.9388 ], [ 112.046, 1.9057 ], [ 112.0576, 1.876 ], [ 112.0379, 1.8559 ], [ 112.0345, 1.8377 ], [ 112.0546, 1.8169 ], [ 112.1096, 1.7756 ], [ 112.162, 1.7669 ], [ 112.1887, 1.7512 ], [ 112.1945, 1.7355 ], [ 112.1807, 1.7033 ] ] ] } },
{ "type": "Feature", "properties": { "id": "swk-kapit", "slug": "kapit", "name": "Kapit", "state": "Sarawak", "division": null, "area_km2": 4108.198974843197, "lon": 113.08952, "lat": 2.18073 }, "geometry": { "type": "Polygon", "coordinates": [ [ [ 112.9397, 1.7681 ], [ 113.0387, 1.8061 ], [ 113.0937, 1.8618 ], [ 113.2492, 1.8667 ], [ 113.2604, 1.8737 ], [ 113.2695, 1.8855 ], [ 113.2613, 1.9091 ], [ 113.195, 1.9327 ], [ 113.1768, 1.9699 ], [ 113.1287, 2.0108 ], [ 113.1242, 2.0271 ], [ 113.1569, 2.1213 ], [ 113.1365, 2.1417 ], [ 113.1383, 2.1629 ], [ 113.1644, 2.1625 ], [ 113.1941, 2.1443 ], [ 113.283, 2.1532 ], [ 113.2971, 2.1748 ], [ 113.2975, 2.225 ], [ 113.4202, 2.2342 ], [ 113.5233, 2.3041 ], [ 113.6337, 2.3167 ], [ 113.7048, 2.3093 ], [ 113.7137, 2.3186 ], [ 113.7111, 2.3487 ], [ 113.6862, 2.3743 ], [ 113.6854, 2.4193 ], [ 113.6627, 2.4357 ], [ 113.6765, 2.4639 ], [ 113.672, 2.4762 ], [ 113.6397, 2.4836 ], [ 113.6103, 2.4531 ], [ 113.5367, 2.416 ], [ 113.5199, 2.4405 ], [ 113.482, 2.4423 ], [ 113.4232, 2.3944 ], [ 113.3797, 2.3892 ], [ 113.3477, 2.4145 ], [ 113.3273, 2.4765 ], [ 113.3775, 2.5308 ], [ 113.4641, 2.5479 ], [ 113.4786, 2.5638 ], [ 113.4645, 2.5839 ], [ 113.4262, 2.5772 ], [ 113.4043, 2.5925 ], [ 113.3786, 2.5694 ], [ 113.3247, 2.5642 ], [ 113.2228, 2.5319 ], [ 113.1093, 2.4669 ], [ 113.0788, 2.4736 ], [ 113.0312, 2.4435 ], [ 113.0234, 2.4271 ], [ 113.0309, 2.3517 ], [ 112.9963, 2.3301 ], [ 112.9911, 2.2971 ], [ 112.9022, 2.2692 ], [ 112.9025, 2.2205 ], [ 112.8683, 2.1674 ], [ 112.8549, 2.187 ], [ 112.8453, 2.1859 ], [ 112.8352, 2.1547 ], [ 112.8062, 2.1525 ], [ 112.6508, 2.1897 ], [ 112.6567, 1.9845 ], [ 112.7765, 1.9845 ], [ 112.864, 1.8418 ], [ 112.8977, 1.8 ], [ 112.9397, 1.7681 ] ] ] } },
{ "type": "Feature", "properties": { "id": "swk-kuching", "slug": "kuching", "name": "Kuching", "state": "Sarawak", "division": null, "area_km2": 1415.1400353644381, "lon": 110.30403, "lat": 1.43229 }, "geometry": { "type": "Polygon", "coordinates": [ [ [ 110.1387, 1.5723 ], [ 110.1455, 1.5549 ], [ 110.1566, 1.5525 ], [ 110.1996, 1.5705 ], [ 110.2071, 1.5037 ], [ 110.2676, 1.4724 ], [ 110.2833, 1.4515 ], [ 110.2821, 1.4265 ], [ 110.2025, 1.2719 ], [ 110.1542, 1.2005 ], [ 110.1862, 1.1825 ], [ 110.2071, 1.1511 ], [ 110.2106, 1.1186 ], [ 110.2391, 1.1139 ], [ 110.2472, 1.0814 ], [ 110.2705, 1.0535 ], [ 110.2955, 1.1046 ], [ 110.2972, 1.1941 ], [ 110.3315, 1.2423 ], [ 110.3379, 1.2952 ], [ 110.3757, 1.3905 ], [ 110.41, 1.416 ], [ 110.3303, 1.4282 ], [ 110.317, 1.4433 ], [ 110.3286, 1.4625 ], [ 110.3774, 1.4822 ], [ 110.4047, 1.5136 ], [ 110.4437, 1.5096 ], [ 110.4774, 1.5177 ], [ 110.4681, 1.5508 ], [ 110.4855, 1.5926 ], [ 110.5215, 1.6008 ], [ 110.5087, 1.6286 ], [ 110.4779, 1.6304 ], [ 110.4756, 1.642 ], [ 110.4931, 1.6466 ], [ 110.4791, 1.6559 ], [ 110.4832, 1.6681 ], [ 110.4954, 1.6763 ], [ 110.5006, 1.7071 ], [ 110.525, 1.7274 ], [ 110.4983, 1.7524 ], [ 110.4989, 1.728 ], [ 110.4913, 1.7239 ], [ 110.4588, 1.7367 ], [ 110.4419, 1.7262 ], [ 110.4309, 1.6908 ], [ 110.4169, 1.6838 ], [ 110.3925, 1.6949 ], [ 110.3768, 1.6908 ], [ 110.3565, 1.7129 ], [ 110.3571, 1.7558 ], [ 110.3373, 1.7843 ], [ 110.3443, 1.8046 ], [ 110.3286, 1.8023 ], [ 110.303, 1.7344 ], [ 110.3158, 1.7256 ], [ 110.3117, 1.7071 ], [ 110.2972, 1.6873 ], [ 110.2827, 1.6919 ], [ 110.2862, 1.7065 ], [ 110.2676, 1.7117 ], [ 110.1339, 1.696 ], [ 110.1403, 1.6664 ], [ 110.1758, 1.6344 ], [ 110.1839, 1.6135 ], [ 110.1775, 1.5978 ], [ 110.1473, 1.5926 ], [ 110.1387, 1.5723 ] ] ] } },
{ "type": "Feature", "properties": { "id": "swk-lawas", "slug": "lawas", "name": "Lawas", "state": "Sarawak", "division": null, "area_km2": 3885.5382135570858, "lon": 115.43393, "lat": 4.46625 }, "geometry": { "type": "Polygon", "coordinates": [ [ [ 115.5218, 3.9399 ], [ 115.6167, 3.9449 ], [ 115.6452, 3.967 ], [ 115.6841, 4.0632 ], [ 115.6911, 4.1241 ], [ 115.6696, 4.1299 ], [ 115.6562, 4.1467 ], [ 115.6452, 4.193 ], [ 115.6522, 4.2498 ], [ 115.6847, 4.3026 ], [ 115.6702, 4.3408 ], [ 115.6225, 4.357 ], [ 115.5964, 4.3802 ], [ 115.6051, 4.4318 ], [ 115.576, 4.4909 ], [ 115.5929, 4.525 ], [ 115.5598, 4.6154 ], [ 115.6138, 4.6948 ], [ 115.6446, 4.7689 ], [ 115.662, 4.7828 ], [ 115.6626, 4.8563 ], [ 115.633, 4.986 ], [ 115.6196, 4.9993 ], [ 115.5946, 4.9993 ], [ 115.5481, 4.993 ], [ 115.5051, 4.9687 ], [ 115.4662, 4.9831 ], [ 115.4302, 4.9791 ], [ 115.3941, 4.9478 ], [ 115.4017, 4.9287 ], [ 115.3947, 4.9206 ], [ 115.3424, 4.9032 ], [ 115.264, 4.9299 ], [ 115.2396, 4.9808 ], [ 115.207, 4.9779 ], [ 115.2001, 4.9687 ], [ 115.2041, 4.9438 ], [ 115.1402, 4.9079 ], [ 115.16, 4.8754 ], [ 115.1867, 4.8633 ], [ 115.1826, 4.8523 ], [ 115.1931, 4.8372 ], [ 115.2407, 4.8007 ], [ 115.2285, 4.7614 ], [ 115.2611, 4.7202 ], [ 115.2431, 4.7006 ], [ 115.2675, 4.6896 ], [ 115.2587, 4.6496 ], [ 115.2884, 4.6293 ], [ 115.2907, 4.6131 ], [ 115.2878, 4.5754 ], [ 115.275, 4.5662 ], [ 115.2669, 4.5274 ], [ 115.2698, 4.5094 ], [ 115.2791, 4.5065 ], [ 115.2739, 4.4405 ], [ 115.3006, 4.4011 ], [ 115.3296, 4.3854 ], [ 115.35, 4.3507 ], [ 115.3651, 4.3437 ], [ 115.3442, 4.3049 ], [ 115.3331, 4.2991 ], [ 115.3118, 4.3078 ], [ 115.2943, 4.2723 ], [ 115.2965, 4.2537 ], [ 115.3453, 4.2144 ], [ 115.4189, 4.1999 ], [ 115.4654, 4.1703 ], [ 115.4717, 4.1406 ], [ 115.4944, 4.1235 ], [ 115.5018, 4.1016 ], [ 115.4825, 4.0386 ], [ 115.5003, 4.0178 ], [ 115.5015, 3.954 ], [ 115.5218, 3.9399 ] ] ] } },
{ "type": "Feature", "properties": { "id": "swk-limbang", "slug": "limbang", "name": "Limbang", "state": "Sarawak", "division": null, "area_km2": 3862.5294531607988, "lon": 115.03539, "lat": 4.36949 }, "geometry": { "type": "Polygon", "coordinates": [ [ [ 115.5218, 3.9399 ], [ 115.5015, 3.954 ], [ 115.5003, 4.0178 ], [ 115.4825, 4.0386 ], [ 115.5, 4.1128 ], [ 115.4717, 4.1406 ], [ 115.4654, 4.1703 ], [ 115.4189, 4.1999 ], [ 115.3453, 4.2144 ], [ 115.307, 4.2433 ], [ 115.2943, 4.2723 ], [ 115.3118, 4.3078 ], [ 115.2965, 4.3188 ], [ 115.2971, 4.3368 ], [ 115.2756, 4.3431 ], [ 115.2541, 4.3356 ], [ 115.2425, 4.3669 ], [ 115.203, 4.3594 ], [ 115.1873, 4.3721 ], [ 115.1565, 4.3738 ], [ 115.1524, 4.3831 ], [ 115.1146, 4.3715 ], [ 115.0925, 4.3854 ], [ 115.1047, 4.4138 ], [ 115.0925, 4.4335 ], [ 115.0989, 4.4689 ], [ 115.0798, 4.5129 ], [ 115.0705, 4.5749 ], [ 115.0397, 4.627 ], [ 115.0501, 4.6426 ], [ 115.0304, 4.7 ], [ 115.0385, 4.7272 ], [ 115.0275, 4.733 ], [ 115.0309, 4.7666 ], [ 115.0542, 4.7886 ], [ 115.0286, 4.8036 ], [ 115.0298, 4.8459 ], [ 115.0565, 4.8807 ], [ 115.0548, 4.8905 ], [ 115.0228, 4.8853 ], [ 115.0222, 4.9177 ], [ 114.9897, 4.8743 ], [ 114.9897, 4.8534 ], [ 114.9821, 4.8517 ], [ 114.9874, 4.8366 ], [ 114.9728, 4.8088 ], [ 114.8967, 4.8152 ], [ 114.8462, 4.7834 ], [ 114.8369, 4.7451 ], [ 114.7764, 4.7266 ], [ 114.7863, 4.7121 ], [ 114.777, 4.6942 ], [ 114.8061, 4.6739 ], [ 114.8183, 4.6531 ], [ 114.8136, 4.6432 ], [ 114.8026, 4.6554 ], [ 114.8008, 4.6334 ], [ 114.8101, 4.6264 ], [ 114.8078, 4.5998 ], [ 114.82, 4.5922 ], [ 114.8177, 4.4723 ], [ 114.8281, 4.4416 ], [ 114.8415, 4.4242 ], [ 114.8857, 4.4231 ], [ 114.8746, 4.3437 ], [ 114.813, 4.2516 ], [ 114.8194, 4.2475 ], [ 114.8514, 4.28 ], [ 114.856, 4.2661 ], [ 114.8037, 4.1838 ], [ 114.7962, 4.1565 ], [ 114.8354, 4.1762 ], [ 114.8607, 4.1599 ], [ 114.9343, 4.1565 ], [ 114.9856, 4.1169 ], [ 114.9979, 4.1287 ], [ 115.0726, 4.135 ], [ 115.1095, 4.1076 ], [ 115.1675, 4.029 ], [ 115.1791, 3.9965 ], [ 115.2779, 3.9015 ], [ 115.289, 3.8731 ], [ 115.3657, 3.8313 ], [ 115.4284, 3.8464 ], [ 115.4569, 3.8209 ], [ 115.5075, 3.8835 ], [ 115.5034, 3.9229 ], [ 115.5218, 3.9399 ] ] ] } },
{ "type": "Feature", "properties": { "id": "swk-lubok-antu", "slug": "lubok-antu", "name": "Lubok Antu", "state": "Sarawak", "division": null, "area_km2": 3180.9024005438237, "lon": 111.87139, "lat": 1.30139 }, "geometry": { "type": "Polygon", "coordinates": [ [ [ 111.6602, 1.0457 ], [ 111.7175, 1.0268 ], [ 111.7244, 1.0134 ], [ 111.7587, 1.0244 ], [ 111.7872, 1.0018 ], [ 111.7994, 1.0215 ], [ 111.8273, 1.0041 ], [ 111.8633, 1.0029 ], [ 111.8773, 1.025 ], [ 111.8773, 1.0459 ], [ 111.9464, 1.1226 ], [ 112.1411, 1.1459 ], [ 112.1492, 1.1569 ], [ 112.1399, 1.1802 ], [ 112.1632, 1.2208 ], [ 112.1574, 1.2452 ], [ 112.1725, 1.3062 ], [ 112.2044, 1.3364 ], [ 112.2213, 1.3876 ], [ 112.1951, 1.4108 ], [ 112.2102, 1.4503 ], [ 112.1457, 1.4735 ], [ 112.0923, 1.4631 ], [ 112.0481, 1.4712 ], [ 112.0435, 1.4956 ], [ 112.0185, 1.5241 ], [ 112.0214, 1.5787 ], [ 111.9487, 1.57 ], [ 111.7916, 1.5954 ], [ 111.7359, 1.4845 ], [ 111.7005, 1.4681 ], [ 111.6816, 1.4778 ], [ 111.6555, 1.3841 ], [ 111.6332, 1.3484 ], [ 111.5778, 1.3046 ], [ 111.511, 1.2884 ], [ 111.4891, 1.2644 ], [ 111.499, 1.2487 ], [ 111.5019, 1.2092 ], [ 111.6116, 1.1383 ], [ 111.628, 1.0982 ], [ 111.6566, 1.0852 ], [ 111.6602, 1.0457 ] ] ] } },
{ "type": "Feature", "properties": { "id": "swk-lundu", "slug": "lundu", "name": "Lundu", "state": "Sarawak", "division": null, "area_km2": 1730.4041184952648, "lon": 109.76899, "lat": 1.73319 }, "geometry": { "type": "Polygon", "coordinates": [ [ [ 110.1339, 1.696 ], [ 110.0125, 1.6983 ], [ 109.9753, 1.6821 ], [ 109.9753, 1.6943 ], [ 109.9578, 1.6983 ], [ 109.9503, 1.689 ], [ 109.9259, 1.689 ], [ 109.9236, 1.7041 ], [ 109.873, 1.7326 ], [ 109.8811, 1.7564 ], [ 109.8538, 1.7738 ], [ 109.8515, 1.7866 ], [ 109.6993, 1.8488 ], [ 109.6836, 1.8616 ], [ 109.6824, 1.8807 ], [ 109.6516, 1.9109 ], [ 109.651, 1.9748 ], [ 109.6667, 1.9876 ], [ 109.6493, 2.0073 ], [ 109.6545, 2.0369 ], [ 109.6458, 2.0526 ], [ 109.6191, 1.9946 ], [ 109.5836, 1.9626 ], [ 109.5743, 1.9301 ], [ 109.5429, 1.9283 ], [ 109.5383, 1.9185 ], [ 109.5534, 1.8633 ], [ 109.5854, 1.8424 ], [ 109.5999, 1.8122 ], [ 109.6644, 1.7948 ], [ 109.6801, 1.7808 ], [ 109.6655, 1.7477 ], [ 109.6661, 1.7053 ], [ 109.6516, 1.6525 ], [ 109.6574, 1.6281 ], [ 109.7951, 1.4985 ], [ 109.7922, 1.473 ], [ 109.8097, 1.4654 ], [ 109.8376, 1.4863 ], [ 109.8265, 1.4462 ], [ 109.8364, 1.4247 ], [ 109.8899, 1.4143 ], [ 109.9218, 1.4236 ], [ 109.991, 1.4683 ], [ 110.0282, 1.527 ], [ 110.0816, 1.5212 ], [ 110.1275, 1.538 ], [ 110.1473, 1.5926 ], [ 110.1775, 1.5978 ], [ 110.1839, 1.6135 ], [ 110.1758, 1.6344 ], [ 110.1403, 1.6664 ], [ 110.1339, 1.696 ] ] ] } },
{ "type": "Feature", "properties": { "id": "swk-maradong", "slug": "maradong", "name": "Maradong", "state": "Sarawak", "division": null, "area_km2": 750.287387393887, "lon": 111.67015, "lat": 2.17256 }, "geometry": { "type": "Polygon", "coordinates": [ [ [ 111.623, 2.0066 ], [ 111.6369, 1.9994 ], [ 111.6418, 1.9804 ], [ 111.6871, 1.9789 ], [ 111.6942, 1.9964 ], [ 111.74, 1.9995 ], [ 111.7908, 2.0537 ], [ 111.7797, 2.0953 ], [ 111.7872, 2.1581 ], [ 111.7615, 2.17 ], [ 111.7489, 2.1986 ], [ 111.708, 2.2328 ], [ 111.6868, 2.2911 ], [ 111.6678, 2.2933 ], [ 111.6399, 2.2677 ], [ 111.618, 2.2636 ], [ 111.6027, 2.2892 ], [ 111.5882, 2.293 ], [ 111.5797, 2.3283 ], [ 111.5555, 2.329 ], [ 111.5495, 2.3591 ], [ 111.5224, 2.3472 ], [ 111.5042, 2.3517 ], [ 111.4707, 2.3078 ], [ 111.4614, 2.2629 ], [ 111.5298, 2.194 ], [ 111.5567, 2.1843 ], [ 111.5629, 2.1955 ], [ 111.59, 2.1902 ], [ 111.5767, 2.1824 ], [ 111.6021, 2.1101 ], [ 111.6087, 2.0577 ], [ 111.6243, 2.0384 ], [ 111.623, 2.0066 ] ] ] } },
{ "type": "Feature", "properties": { "id": "swk-marudi", "slug": "marudi", "name": "Marudi", "state": "Sarawak", "division": null, "area_km2": 3065.1428644685361, "lon": 114.34238, "lat": 4.19072 }, "geometry": { "type": "Polygon", "coordinates": [ [ [ 114.4117, 3.9747 ], [ 114.4359, 3.9618 ], [ 114.4292, 3.9395 ], [ 114.44, 3.9347 ], [ 114.4404, 3.921 ], [ 114.4605, 3.9113 ], [ 114.4493, 3.9058 ], [ 114.4638, 3.9006 ], [ 114.4776, 3.8787 ], [ 114.4564, 3.8601 ], [ 114.4508, 3.8349 ], [ 114.4683, 3.8334 ], [ 114.4631, 3.8189 ], [ 114.4795, 3.81 ], [ 114.5773, 3.8289 ], [ 114.6011, 3.8839 ], [ 114.6401, 3.8861 ], [ 114.7056, 3.8687 ], [ 114.854, 3.9321 ], [ 114.9269, 3.9191 ], [ 114.9592, 3.8894 ], [ 114.9964, 3.9043 ], [ 115.0291, 3.9394 ], [ 115.0526, 3.9505 ], [ 115.0485, 4.007 ], [ 115.0801, 4.0456 ], [ 115.086, 4.0727 ], [ 115.1095, 4.1076 ], [ 115.0726, 4.135 ], [ 114.9979, 4.1287 ], [ 114.9856, 4.1169 ], [ 114.9343, 4.1565 ], [ 114.8726, 4.1577 ], [ 114.8302, 4.1755 ], [ 114.809, 4.1625 ], [ 114.7919, 4.1232 ], [ 114.7089, 4.0345 ], [ 114.6851, 4.0185 ], [ 114.6174, 4.0015 ], [ 114.6115, 4.0074 ], [ 114.6241, 4.0204 ], [ 114.6219, 4.0326 ], [ 114.6133, 4.043 ], [ 114.5873, 4.0471 ], [ 114.5739, 4.0705 ], [ 114.5527, 4.0835 ], [ 114.5457, 4.127 ], [ 114.4992, 4.1467 ], [ 114.4859, 4.1681 ], [ 114.4649, 4.2127 ], [ 114.4504, 4.2823 ], [ 114.4243, 4.2556 ], [ 114.3772, 4.2655 ], [ 114.3615, 4.2545 ], [ 114.3208, 4.2597 ], [ 114.333, 4.3472 ], [ 114.308, 4.3651 ], [ 114.3191, 4.3918 ], [ 114.304, 4.4335 ], [ 114.261, 4.5077 ], [ 114.2145, 4.5332 ], [ 114.1994, 4.5291 ], [ 114.1895, 4.5523 ], [ 114.1652, 4.5711 ], [ 114.1604, 4.4955 ], [ 114.1719, 4.4651 ], [ 114.2161, 4.4243 ], [ 114.2191, 4.3991 ], [ 114.1749, 4.3275 ], [ 114.1503, 4.3101 ], [ 114.0774, 4.2849 ], [ 114.0648, 4.2441 ], [ 114.0727, 4.228 ], [ 114.1866, 4.2052 ], [ 114.2203, 4.1849 ], [ 114.2119, 4.0743 ], [ 114.2719, 3.9457 ], [ 114.2573, 3.9294 ], [ 114.261, 3.9149 ], [ 114.2882, 3.943 ], [ 114.2973, 4.0136 ], [ 114.3091, 4.0254 ], [ 114.3382, 3.9819 ], [ 114.4117, 3.9747 ] ] ] } },
{ "type": "Feature", "properties": { "id": "swk-matu", "slug": "matu", "name": "Matu", "state": "Sarawak", "division": null, "area_km2": 1585.7765562111178, "lon": 111.69564, "lat": 2.6495 }, "geometry": { "type": "Polygon", "coordinates": [ [ [ 111.992, 2.5335 ], [ 111.947, 2.5787 ], [ 111.9261, 2.6536 ], [ 111.8575, 2.6733 ], [ 111.8575, 2.6896 ], [ 111.8436, 2.6983 ], [ 111.8395, 2.7151 ], [ 111.8476, 2.7476 ], [ 111.843, 2.7818 ], [ 111.8075, 2.8144 ], [ 111.7779, 2.8608 ], [ 111.6678, 2.8399 ], [ 111.6378, 2.849 ], [ 111.5997, 2.7955 ], [ 111.4798, 2.7429 ], [ 111.478, 2.7229 ], [ 111.4399, 2.7084 ], [ 111.4299, 2.6948 ], [ 111.431, 2.6745 ], [ 111.5698, 2.5514 ], [ 111.5762, 2.5154 ], [ 111.5914, 2.4957 ], [ 111.5802, 2.4578 ], [ 111.6081, 2.4438 ], [ 111.6943, 2.4528 ], [ 111.8421, 2.5279 ], [ 111.9673, 2.5408 ], [ 111.992, 2.5335 ] ] ] } },
{ "type": "Feature", "properties": { "id": "swk-miri", "slug": "miri", "name": "Miri", "state": "Sarawak", "division": null, "area_km2": 5281.9837369160241, "lon": 115.36506, "lat": 3.54642 }, "geometry": { "type": "MultiPolygon", "coordinates": [ [ [ [ 115.5243, 3.9426 ], [ 115.5662, 3.9374 ], [ 115.5784, 3.9119 ], [ 115.6185, 3.8858 ], [ 115.6272, 3.8684 ], [ 115.5888, 3.7513 ], [ 115.5801, 3.6626 ], [ 115.5929, 3.5947 ], [ 115.6144, 3.5663 ], [ 115.6185, 3.5112 ], [ 115.6481, 3.4735 ], [ 115.6551, 3.4439 ], [ 115.637, 3.4149 ], [ 115.6219, 3.4254 ], [ 115.6097, 3.4544 ], [ 115.5946, 3.4549 ], [ 115.5574, 3.3876 ], [ 115.5516, 3.3372 ], [ 115.5359, 3.3029 ], [ 115.5412, 3.2548 ], [ 115.5284, 3.2136 ], [ 115.5708, 3.1724 ], [ 115.5266, 3.1242 ], [ 115.5255, 3.0784 ], [ 115.515, 3.054 ], [ 115.4854, 3.0326 ], [ 115.4424, 3.0326 ], [ 115.4017, 2.9896 ], [ 115.3325, 2.985 ], [ 115.3209, 3.0221 ], [ 115.2897, 3.0506 ], [ 115.2825, 3.1174 ], [ 115.139, 3.3504 ], [ 115.1072, 3.5099 ], [ 115.109, 3.5416 ], [ 115.1644, 3.6639 ], [ 115.2461, 3.7826 ], [ 115.2489, 3.799 ], [ 115.2035, 3.8261 ], [ 115.0655, 3.9521 ], [ 115.0526, 3.9505 ], [ 115.0485, 4.007 ], [ 115.1095, 4.1026 ], [ 115.1675, 4.029 ], [ 115.1791, 3.9965 ], [ 115.2779, 3.9015 ], [ 115.289, 3.8731 ], [ 115.3657, 3.8313 ], [ 115.4284, 3.8464 ], [ 115.4569, 3.8209 ], [ 115.5075, 3.8835 ], [ 115.5034, 3.9229 ], [ 115.5243, 3.9426 ] ] ], [ [ [ 114.0727, 4.228 ], [ 113.9005, 4.1812 ], [ 113.8678, 4.154 ], [ 113.8161, 4.0861 ], [ 113.8106, 4.1133 ], [ 113.9141, 4.2364 ], [ 113.9713, 4.3369 ], [ 113.9659, 4.3677 ], [ 113.9995, 4.441 ], [ 113.996, 4.4974 ], [ 113.9684, 4.5815 ], [ 113.9818, 4.5989 ], [ 114.1652, 4.5711 ], [ 114.1592, 4.514 ], [ 114.1682, 4.4707 ], [ 114.221, 4.415 ], [ 114.1749, 4.3275 ], [ 114.0696, 4.2763 ], [ 114.0633, 4.2582 ], [ 114.0727, 4.228 ] ] ] ] } },
{ "type": "Feature", "properties": { "id": "swk-mukah", "slug": "mukah", "name": "Mukah", "state": "Sarawak", "division": null, "area_km2": 2430.1609084599513, "lon": 112.28762, "lat": 2.82398 }, "geometry": { "type": "MultiPolygon", "coordinates": [ [ [ [ 112.727, 3.0695 ], [ 112.732, 2.9331 ], [ 112.7037, 2.8777 ], [ 112.6997, 2.8499 ], [ 112.5762, 2.8467 ], [ 112.5654, 2.8263 ], [ 112.5833, 2.8072 ], [ 112.5753, 2.795 ], [ 112.5817, 2.7772 ], [ 112.5718, 2.7697 ], [ 112.576, 2.7544 ], [ 112.5582, 2.7556 ], [ 112.5524, 2.7699 ], [ 112.5442, 2.7655 ], [ 112.5427, 2.7503 ], [ 112.5078, 2.7398 ], [ 112.5098, 2.7268 ], [ 112.4979, 2.7273 ], [ 112.3433, 2.6019 ], [ 112.2625, 2.5769 ], [ 112.1893, 2.5793 ], [ 112.1765, 2.5886 ], [ 112.1446, 2.6779 ], [ 112.033, 2.7586 ], [ 111.9859, 2.8904 ], [ 112.727, 3.0695 ] ] ] ] } },
{ "type": "Feature", "properties": { "id": "swk-pakan", "slug": "pakan", "name": "Pakan", "state": "Sarawak", "division": null, "area_km2": 1006.0989244225549, "lon": 111.67531, "lat": 1.79362 }, "geometry": { "type": "Polygon", "coordinates": [ [ [ 111.7916, 1.5954 ], [ 111.8854, 1.5781 ], [ 111.8953, 1.5874 ], [ 111.8976, 1.6315 ], [ 111.8761, 1.6432 ], [ 111.8921, 1.6916 ], [ 111.8184, 1.7343 ], [ 111.7708, 1.7949 ], [ 111.7675, 1.8109 ], [ 111.7816, 1.8369 ], [ 111.7831, 1.8633 ], [ 111.7686, 1.8886 ], [ 111.7656, 1.9317 ], [ 111.7466, 1.9574 ], [ 111.7411, 1.999 ], [ 111.6942, 1.9964 ], [ 111.6871, 1.9789 ], [ 111.6418, 1.9804 ], [ 111.6369, 1.9994 ], [ 111.623, 2.0066 ], [ 111.5451, 1.9336 ], [ 111.4937, 1.9035 ], [ 111.5216, 1.8719 ], [ 111.5202, 1.8384 ], [ 111.5521, 1.8061 ], [ 111.6232, 1.7774 ], [ 111.6414, 1.7392 ], [ 111.6432, 1.6566 ], [ 111.6652, 1.6432 ], [ 111.7006, 1.6432 ], [ 111.7471, 1.6716 ], [ 111.7916, 1.5954 ] ] ] } },
{ "type": "Feature", "properties": { "id": "swk-pusa", "slug": "pusa", "name": "Pusa", "state": "Sarawak", "division": null, "area_km2": 965.05213575155631, "lon": 111.0962, "lat": 1.53675 }, "geometry": { "type": "Polygon", "coordinates": [ [ [ 111.0463, 1.4131 ], [ 111.1717, 1.3603 ], [ 111.181, 1.3681 ], [ 111.1914, 1.418 ], [ 111.2334, 1.4871 ], [ 111.1929, 1.5328 ], [ 111.2196, 1.5555 ], [ 111.2747, 1.57 ], [ 111.3491, 1.5507 ], [ 111.3561, 1.5931 ], [ 111.3118, 1.6321 ], [ 111.3101, 1.6507 ], [ 111.3246, 1.6658 ], [ 111.3813, 1.6829 ], [ 111.2074, 1.6904 ], [ 111.1756, 1.7177 ], [ 111.1468, 1.6949 ], [ 111.0828, 1.6975 ], [ 111.0515, 1.7102 ], [ 111.0359, 1.657 ], [ 111.0214, 1.6551 ], [ 111.0118, 1.6388 ], [ 110.9931, 1.5298 ], [ 110.9868, 1.5216 ], [ 110.9491, 1.5167 ], [ 110.998, 1.484 ], [ 111.0463, 1.4131 ] ] ] } },
{ "type": "Feature", "properties": { "id": "swk-samarahan", "slug": "samarahan", "name": "Samarahan", "state": "Sarawak", "division": null, "area_km2": 411.36818678185676, "lon": 110.47519, "lat": 1.44594 }, "geometry": { "type": "Polygon", "coordinates": [ [ [ 110.3303, 1.4282 ], [ 110.4239, 1.4137 ], [ 110.432, 1.3922 ], [ 110.475, 1.3678 ], [ 110.5436, 1.3742 ], [ 110.593, 1.4224 ], [ 110.647, 1.4567 ], [ 110.6482, 1.495 ], [ 110.6604, 1.5154 ], [ 110.4808, 1.5229 ], [ 110.4617, 1.5113 ], [ 110.4047, 1.5136 ], [ 110.3774, 1.4822 ], [ 110.3286, 1.4625 ], [ 110.317, 1.4433 ], [ 110.3303, 1.4282 ] ] ] } },
{ "type": "Feature", "properties": { "id": "swk-saratok", "slug": "saratok", "name": "Saratok", "state": "Sarawak", "division": null, "area_km2": 919.16406404752911, "lon": 111.41854, "lat": 1.77968 }, "geometry": { "type": "Polygon", "coordinates": [ [ [ 111.6432, 1.6566 ], [ 111.6414, 1.7392 ], [ 111.6232, 1.7774 ], [ 111.5391, 1.8161 ], [ 111.5202, 1.8384 ], [ 111.5242, 1.8611 ], [ 111.5149, 1.886 ], [ 111.4837, 1.9098 ], [ 111.4647, 1.9046 ], [ 111.4499, 1.9209 ], [ 111.4342, 1.9064 ], [ 111.4264, 1.9202 ], [ 111.3822, 1.88 ], [ 111.2196, 1.7827 ], [ 111.1795, 1.7485 ], [ 111.1756, 1.7177 ], [ 111.2074, 1.6904 ], [ 111.3827, 1.6832 ], [ 111.4042, 1.6432 ], [ 111.4234, 1.6385 ], [ 111.4525, 1.6484 ], [ 111.5141, 1.7024 ], [ 111.5286, 1.7007 ], [ 111.5617, 1.6629 ], [ 111.6432, 1.6566 ] ] ] } },
{ "type": "Feature", "properties": { "id": "swk-sarikei", "slug": "sarikei", "name": "Sarikei", "state": "Sarawak", "division": null, "area_km2": 917.35314156965137, "lon": 111.42425, "lat": 2.07908 }, "geometry": { "type": "Polygon", "coordinates": [ [ [ 111.4937, 1.9035 ], [ 111.5451, 1.9336 ], [ 111.6221, 2.0042 ], [ 111.6254, 2.0265 ], [ 111.6087, 2.0577 ], [ 111.6021, 2.1101 ], [ 111.5767, 2.1824 ], [ 111.59, 2.1902 ], [ 111.5629, 2.1955 ], [ 111.5567, 2.1843 ], [ 111.536, 2.1907 ], [ 111.466, 2.2549 ], [ 111.4767, 2.2385 ], [ 111.4293, 2.2109 ], [ 111.4034, 2.1771 ], [ 111.377, 2.1857 ], [ 111.3727, 2.1619 ], [ 111.3829, 2.1424 ], [ 111.3684, 2.1579 ], [ 111.3546, 2.1572 ], [ 111.3476, 2.1242 ], [ 111.3305, 2.112 ], [ 111.2587, 2.1372 ], [ 111.2416, 2.128 ], [ 111.2241, 2.0986 ], [ 111.2412, 2.0748 ], [ 111.2122, 2.0956 ], [ 111.2046, 2.077 ], [ 111.2624, 2.0282 ], [ 111.2694, 2.0544 ], [ 111.281, 2.0573 ], [ 111.2909, 2.0468 ], [ 111.295, 2.016 ], [ 111.3467, 2.0114 ], [ 111.4228, 1.9847 ], [ 111.4321, 1.9673 ], [ 111.429, 1.9109 ], [ 111.4387, 1.9079 ], [ 111.4499, 1.9209 ], [ 111.4647, 1.9046 ], [ 111.4937, 1.9035 ] ] ] } },
{ "type": "Feature", "properties": { "id": "swk-sebauh", "slug": "sebauh", "name": "Sebauh", "state": "Sarawak", "division": null, "area_km2": 5057.3214673640878, "lon": 113.54126, "lat": 3.14078 }, "geometry": { "type": "Polygon", "coordinates": [ [ [ 113.6792, 2.8012 ], [ 113.6961, 2.8463 ], [ 113.7415, 2.8991 ], [ 113.7409, 2.9194 ], [ 113.7757, 2.9745 ], [ 113.8862, 3.1051 ], [ 113.9042, 3.1724 ], [ 113.9257, 3.1875 ], [ 113.9146, 3.2351 ], [ 113.9879, 3.3041 ], [ 114.0099, 3.3436 ], [ 114.0465, 3.3656 ], [ 114.064, 3.39 ], [ 114.0407, 3.419 ], [ 114.0152, 3.4178 ], [ 114.0041, 3.3987 ], [ 113.9942, 3.4004 ], [ 113.9797, 3.4549 ], [ 114.0047, 3.481 ], [ 114.0059, 3.5025 ], [ 113.9565, 3.5657 ], [ 113.9338, 3.5286 ], [ 113.9053, 3.5199 ], [ 113.8989, 3.4857 ], [ 113.8664, 3.4596 ], [ 113.8449, 3.3963 ], [ 113.799, 3.3552 ], [ 113.7821, 3.3209 ], [ 113.7537, 3.3157 ], [ 113.7176, 3.383 ], [ 113.6531, 3.3662 ], [ 113.6508, 3.3795 ], [ 113.6729, 3.4103 ], [ 113.602, 3.4625 ], [ 113.5689, 3.4497 ], [ 113.5328, 3.4491 ], [ 113.4991, 3.4329 ], [ 113.4678, 3.4056 ], [ 113.4323, 3.3476 ], [ 113.3591, 3.2855 ], [ 113.3544, 3.2525 ], [ 113.3283, 3.2449 ], [ 113.3045, 3.2182 ], [ 113.2376, 3.2142 ], [ 113.2109, 3.202 ], [ 113.1853, 3.137 ], [ 113.1975, 3.0981 ], [ 113.1795, 3.0732 ], [ 112.9988, 2.9666 ], [ 113.0178, 2.9669 ], [ 113.055, 2.9338 ], [ 113.1019, 2.9472 ], [ 113.119, 2.9331 ], [ 113.2068, 2.9264 ], [ 113.2198, 2.9179 ], [ 113.2384, 2.8729 ], [ 113.2908, 2.8432 ], [ 113.283, 2.8254 ], [ 113.2886, 2.7945 ], [ 113.2414, 2.7648 ], [ 113.244, 2.7451 ], [ 113.3358, 2.7158 ], [ 113.3756, 2.7184 ], [ 113.4816, 2.7518 ], [ 113.5096, 2.7546 ], [ 113.5433, 2.743 ], [ 113.591, 2.761 ], [ 113.6334, 2.7929 ], [ 113.6589, 2.7766 ], [ 113.6792, 2.8012 ] ] ] } },
{ "type": "Feature", "properties": { "id": "swk-selangau", "slug": "selangau", "name": "Selangau", "state": "Sarawak", "division": null, "area_km2": 3869.54266963599, "lon": 112.35705, "lat": 2.50885 }, "geometry": { "type": "Polygon", "coordinates": [ [ [ 112.4172, 2.1636 ], [ 112.4879, 2.1863 ], [ 112.55, 2.1841 ], [ 112.5965, 2.2008 ], [ 112.6273, 2.1934 ], [ 112.6411, 2.2127 ], [ 112.6969, 2.2231 ], [ 112.7095, 2.2383 ], [ 112.6954, 2.2528 ], [ 112.7757, 2.2331 ], [ 112.7995, 2.2573 ], [ 112.8044, 2.2892 ], [ 112.791, 2.3015 ], [ 112.6761, 2.3082 ], [ 112.6526, 2.3725 ], [ 112.6519, 2.384 ], [ 112.6831, 2.4052 ], [ 112.701, 2.449 ], [ 112.7185, 2.4661 ], [ 112.7177, 2.5048 ], [ 112.7523, 2.5442 ], [ 112.7277, 2.5824 ], [ 112.7352, 2.6021 ], [ 112.7207, 2.6233 ], [ 112.7263, 2.6723 ], [ 112.7467, 2.6682 ], [ 112.7731, 2.6367 ], [ 112.8073, 2.6296 ], [ 112.8553, 2.6582 ], [ 112.8482, 2.6764 ], [ 112.8349, 2.6783 ], [ 112.817, 2.7017 ], [ 112.8029, 2.6954 ], [ 112.7474, 2.7093 ], [ 112.7232, 2.725 ], [ 112.7153, 2.7398 ], [ 112.7197, 2.7536 ], [ 112.7591, 2.7629 ], [ 112.7703, 2.7813 ], [ 112.7821, 2.7761 ], [ 112.7957, 2.7868 ], [ 112.7902, 2.7958 ], [ 112.746, 2.8043 ], [ 112.7485, 2.8343 ], [ 112.7326, 2.846 ], [ 112.5762, 2.8467 ], [ 112.5654, 2.8263 ], [ 112.5833, 2.8072 ], [ 112.5753, 2.795 ], [ 112.5817, 2.7772 ], [ 112.5718, 2.7697 ], [ 112.576, 2.7544 ], [ 112.5582, 2.7556 ], [ 112.5524, 2.7699 ], [ 112.5442, 2.7655 ], [ 112.5427, 2.7503 ], [ 112.5078, 2.7398 ], [ 112.5098, 2.7268 ], [ 112.4979, 2.7273 ], [ 112.3433, 2.6019 ], [ 112.2625, 2.5769 ], [ 112.2131, 2.5758 ], [ 112.2114, 2.5154 ], [ 112.0179, 2.527 ], [ 112.0057, 2.5409 ], [ 111.9939, 2.5329 ], [ 111.9935, 2.5003 ], [ 112.0156, 2.4481 ], [ 112.1085, 2.3871 ], [ 112.1173, 2.3685 ], [ 112.1051, 2.3552 ], [ 112.1492, 2.3157 ], [ 112.155, 2.2843 ], [ 112.1149, 2.2292 ], [ 112.1264, 2.2109 ], [ 112.1866, 2.1919 ], [ 112.2655, 2.1908 ], [ 112.4172, 2.1636 ] ] ] } },
{ "type": "Feature", "properties": { "id": "swk-serian", "slug": "serian", "name": "Serian", "state": "Sarawak", "division": null, "area_km2": 1793.8665380006184, "lon": 110.59797, "lat": 1.14762 }, "geometry": { "type": "Polygon", "coordinates": [ [ [ 110.322, 1.2256 ], [ 110.4611, 1.1086 ], [ 110.5083, 1.0577 ], [ 110.5319, 0.9987 ], [ 110.5873, 0.9824 ], [ 110.6337, 0.9814 ], [ 110.6311, 0.908 ], [ 110.647, 0.9048 ], [ 110.654, 0.8803 ], [ 110.6825, 0.8803 ], [ 110.722, 0.9059 ], [ 110.7505, 0.9048 ], [ 110.7714, 0.9326 ], [ 110.7888, 0.9053 ], [ 110.8045, 0.9065 ], [ 110.8034, 0.9448 ], [ 110.8557, 0.9536 ], [ 110.8812, 0.9785 ], [ 110.8597, 1.0181 ], [ 110.8719, 1.0396 ], [ 110.8382, 1.093 ], [ 110.8347, 1.1168 ], [ 110.7941, 1.1337 ], [ 110.6424, 1.2689 ], [ 110.5436, 1.3742 ], [ 110.475, 1.3678 ], [ 110.432, 1.3922 ], [ 110.4239, 1.4137 ], [ 110.41, 1.416 ], [ 110.3832, 1.3986 ], [ 110.3431, 1.3115 ], [ 110.322, 1.2256 ] ] ] } },
{ "type": "Feature", "properties": { "id": "swk-sibu", "slug": "sibu", "name": "Sibu", "state": "Sarawak", "division": null, "area_km2": 2159.9525505715965, "lon": 111.87105, "lat": 2.29668 }, "geometry": { "type": "Polygon", "coordinates": [ [ [ 111.9765, 2.0782 ], [ 112.0008, 2.0853 ], [ 112.0253, 2.0749 ], [ 112.0525, 2.0844 ], [ 112.0769, 2.1595 ], [ 112.1134, 2.1811 ], [ 112.1264, 2.2109 ], [ 112.1149, 2.2292 ], [ 112.155, 2.2843 ], [ 112.1492, 2.3157 ], [ 112.1051, 2.3552 ], [ 112.1167, 2.379 ], [ 112.0156, 2.4481 ], [ 111.9935, 2.5003 ], [ 111.9939, 2.5329 ], [ 111.9673, 2.5408 ], [ 111.8421, 2.5279 ], [ 111.6943, 2.4528 ], [ 111.5969, 2.439 ], [ 111.6017, 2.3933 ], [ 111.591, 2.3769 ], [ 111.6102, 2.3712 ], [ 111.6001, 2.326 ], [ 111.5797, 2.3283 ], [ 111.5882, 2.293 ], [ 111.6027, 2.2892 ], [ 111.618, 2.2636 ], [ 111.6317, 2.2632 ], [ 111.6678, 2.2933 ], [ 111.6868, 2.2911 ], [ 111.708, 2.2328 ], [ 111.7489, 2.1986 ], [ 111.7615, 2.17 ], [ 111.7872, 2.1581 ], [ 111.7797, 2.0953 ], [ 111.7908, 2.0537 ], [ 111.8285, 2.0577 ], [ 111.8616, 2.0826 ], [ 111.9092, 2.0897 ], [ 111.9579, 2.0897 ], [ 111.9765, 2.0782 ] ] ] } },
{ "type": "Feature", "properties": { "id": "swk-simunjan", "slug": "simunjan", "name": "Simunjan", "state": "Sarawak", "division": null, "area_km2": 2110.4305720117018, "lon": 110.86951, "lat": 1.27447 }, "geometry": { "type": "Polygon", "coordinates": [ [ [ 110.5436, 1.3742 ], [ 110.6424, 1.2689 ], [ 110.7941, 1.1337 ], [ 110.8347, 1.1168 ], [ 110.8382, 1.093 ], [ 110.8719, 1.0396 ], [ 110.8597, 1.0181 ], [ 110.8812, 0.9785 ], [ 110.9027, 1.0244 ], [ 110.9806, 1.0285 ], [ 110.9934, 1.0855 ], [ 110.9829, 1.1308 ], [ 110.9504, 1.1778 ], [ 110.9556, 1.1935 ], [ 110.9765, 1.2086 ], [ 111.0184, 1.2051 ], [ 111.0323, 1.2284 ], [ 111.0753, 1.2208 ], [ 111.098, 1.2446 ], [ 111.1021, 1.2801 ], [ 111.1253, 1.3231 ], [ 111.1166, 1.3899 ], [ 111.0463, 1.4131 ], [ 110.9893, 1.4915 ], [ 110.9527, 1.5154 ], [ 110.8772, 1.5386 ], [ 110.8289, 1.5694 ], [ 110.7952, 1.5787 ], [ 110.7386, 1.5285 ], [ 110.7421, 1.4893 ], [ 110.7332, 1.4771 ], [ 110.6848, 1.4536 ], [ 110.6478, 1.4577 ], [ 110.593, 1.4224 ], [ 110.5436, 1.3742 ] ] ] } },
{ "type": "Feature", "properties": { "id": "swk-song", "slug": "song", "name": "Song", "state": "Sarawak", "division": null, "area_km2": 3929.9718174755321, "lon": 112.66056, "lat": 1.82466 }, "geometry": { "type": "Polygon", "coordinates": [ [ [ 112.2067, 1.4532 ], [ 112.2736, 1.4706 ], [ 112.3131, 1.5032 ], [ 112.3503, 1.5026 ], [ 112.4276, 1.5252 ], [ 112.4427, 1.5525 ], [ 112.4868, 1.5793 ], [ 112.6356, 1.5665 ], [ 112.6554, 1.5729 ], [ 112.6705, 1.5583 ], [ 112.6902, 1.5554 ], [ 112.7205, 1.5665 ], [ 112.7501, 1.5578 ], [ 112.7669, 1.5653 ], [ 112.803, 1.5403 ], [ 112.8425, 1.5398 ], [ 112.8721, 1.5769 ], [ 112.8989, 1.5938 ], [ 112.9018, 1.6153 ], [ 112.932, 1.6321 ], [ 112.9169, 1.6885 ], [ 112.8785, 1.7059 ], [ 112.846, 1.7024 ], [ 112.9221, 1.721 ], [ 112.9419, 1.7465 ], [ 112.9401, 1.7675 ], [ 112.8977, 1.8 ], [ 112.864, 1.8418 ], [ 112.7917, 1.9667 ], [ 112.7683, 1.9867 ], [ 112.6567, 1.9845 ], [ 112.6508, 2.1897 ], [ 112.5965, 2.2008 ], [ 112.55, 2.1841 ], [ 112.4756, 2.1841 ], [ 112.4172, 2.1636 ], [ 112.4139, 2.0756 ], [ 112.3927, 2.0692 ], [ 112.4034, 2.0336 ], [ 112.4466, 2.002 ], [ 112.4771, 1.999 ], [ 112.4897, 1.9733 ], [ 112.4589, 1.902 ], [ 112.4399, 1.8979 ], [ 112.4209, 1.8756 ], [ 112.3837, 1.88 ], [ 112.3759, 1.873 ], [ 112.451, 1.8191 ], [ 112.4499, 1.8001 ], [ 112.4012, 1.7644 ], [ 112.3131, 1.754 ], [ 112.2971, 1.7291 ], [ 112.255, 1.7031 ], [ 112.245, 1.6823 ], [ 112.2149, 1.7064 ], [ 112.1807, 1.7033 ], [ 112.173, 1.6606 ], [ 112.1603, 1.6461 ], [ 112.1033, 1.6298 ], [ 112.0719, 1.6315 ], [ 112.065, 1.6025 ], [ 112.0214, 1.5787 ], [ 112.0185, 1.5241 ], [ 112.0435, 1.4956 ], [ 112.0481, 1.4712 ], [ 112.0923, 1.4631 ], [ 112.1457, 1.4735 ], [ 112.2067, 1.4532 ] ] ] } },
{ "type": "Feature", "properties": { "id": "swk-sri-aman", "slug": "sri-aman", "name": "Sri Aman", "state": "Sarawak", "division": null, "area_km2": 2362.6398079617156, "lon": 111.26313, "lat": 1.21792 }, "geometry": { "type": "Polygon", "coordinates": [ [ [ 110.9807, 1.0289 ], [ 111.0367, 1.0361 ], [ 111.075, 1.0532 ], [ 111.1356, 1.0524 ], [ 111.2003, 1.0655 ], [ 111.2327, 1.0837 ], [ 111.2527, 1.0677 ], [ 111.3483, 1.0394 ], [ 111.4015, 1.0123 ], [ 111.4361, 1.0168 ], [ 111.4647, 1.0361 ], [ 111.4934, 1.029 ], [ 111.5109, 1.0153 ], [ 111.5339, 0.9621 ], [ 111.5518, 0.952 ], [ 111.5596, 0.9904 ], [ 111.599, 0.9989 ], [ 111.6611, 1.0465 ], [ 111.6596, 1.0789 ], [ 111.628, 1.0982 ], [ 111.6116, 1.1383 ], [ 111.5019, 1.2092 ], [ 111.499, 1.2487 ], [ 111.4891, 1.2644 ], [ 111.5123, 1.2975 ], [ 111.4955, 1.3353 ], [ 111.4897, 1.3812 ], [ 111.4281, 1.4125 ], [ 111.3816, 1.416 ], [ 111.2591, 1.4577 ], [ 111.2334, 1.4871 ], [ 111.1914, 1.418 ], [ 111.1858, 1.3804 ], [ 111.1717, 1.3603 ], [ 111.1166, 1.3899 ], [ 111.1253, 1.3231 ], [ 111.1021, 1.2801 ], [ 111.0922, 1.2371 ], [ 111.0753, 1.2208 ], [ 111.0323, 1.2284 ], [ 111.0184, 1.2051 ], [ 110.9765, 1.2086 ], [ 110.9556, 1.1935 ], [ 110.9504, 1.1778 ], [ 110.9829, 1.1308 ], [ 110.9934, 1.0855 ], [ 110.9807, 1.0289 ] ] ] } },
{ "type": "Feature", "properties": { "id": "swk-subis", "slug": "subis", "name": "Subis", "state": "Sarawak", "division": null, "area_km2": 3632.5220802444815, "lon": 113.71558, "lat": 3.76135 }, "geometry": { "type": "Polygon", "coordinates": [ [ [ 113.5328, 3.4491 ], [ 113.5689, 3.4497 ], [ 113.602, 3.4625 ], [ 113.6357, 3.4445 ], [ 113.6729, 3.4103 ], [ 113.6508, 3.3795 ], [ 113.6531, 3.3662 ], [ 113.7176, 3.383 ], [ 113.7467, 3.325 ], [ 113.7624, 3.3163 ], [ 113.7821, 3.3209 ], [ 113.799, 3.3552 ], [ 113.8449, 3.3963 ], [ 113.8664, 3.4596 ], [ 113.8989, 3.4857 ], [ 113.9053, 3.5199 ], [ 113.9338, 3.5286 ], [ 113.9548, 3.5651 ], [ 113.9622, 3.6069 ], [ 113.9931, 3.6458 ], [ 114.0022, 3.6884 ], [ 114.0231, 3.7147 ], [ 114.0095, 3.7455 ], [ 113.9822, 3.7663 ], [ 114.0058, 3.7881 ], [ 114.0104, 3.8053 ], [ 113.9931, 3.8568 ], [ 114.0239, 3.8939 ], [ 114.0285, 3.9334 ], [ 114.0274, 3.9571 ], [ 114.007, 3.9878 ], [ 113.9913, 4.0458 ], [ 113.9913, 4.1194 ], [ 113.9681, 4.1646 ], [ 113.9942, 4.1849 ], [ 114.0039, 4.2147 ], [ 113.9005, 4.1812 ], [ 113.8678, 4.154 ], [ 113.8161, 4.0861 ], [ 113.8106, 4.1133 ], [ 113.7825, 4.058 ], [ 113.6862, 3.9502 ], [ 113.5631, 3.8423 ], [ 113.4282, 3.7496 ], [ 113.4253, 3.7113 ], [ 113.4805, 3.6742 ], [ 113.516, 3.6069 ], [ 113.5195, 3.5785 ], [ 113.5061, 3.5477 ], [ 113.509, 3.488 ], [ 113.5142, 3.4613 ], [ 113.5328, 3.4491 ] ] ] } },
{ "type": "Feature", "properties": { "id": "swk-tanjung-manis", "slug": "tanjung-manis", "name": "Tanjung Manis", "state": "Sarawak", "division": null, "area_km2": 793.69356986855269, "lon": 111.32464, "lat": 2.27903 }, "geometry": { "type": "Polygon", "coordinates": [ [ [ 111.4767, 2.2385 ], [ 111.4584, 2.2762 ], [ 111.4915, 2.34 ], [ 111.4819, 2.3514 ], [ 111.4319, 2.3743 ], [ 111.3996, 2.3691 ], [ 111.3819, 2.3587 ], [ 111.3767, 2.3431 ], [ 111.357, 2.341 ], [ 111.3289, 2.3722 ], [ 111.3278, 2.3909 ], [ 111.2591, 2.4201 ], [ 111.2524, 2.439 ], [ 111.1902, 2.3891 ], [ 111.1811, 2.3456 ], [ 111.1893, 2.2902 ], [ 111.1829, 2.2077 ], [ 111.1666, 2.1795 ], [ 111.1638, 2.1505 ], [ 111.1874, 2.1333 ], [ 111.2029, 2.1484 ], [ 111.2531, 2.1525 ], [ 111.3331, 2.1187 ], [ 111.3439, 2.1588 ], [ 111.3658, 2.1674 ], [ 111.3727, 2.1619 ], [ 111.377, 2.1857 ], [ 111.3848, 2.1883 ], [ 111.3948, 2.1738 ], [ 111.4101, 2.1824 ], [ 111.4293, 2.2109 ], [ 111.4767, 2.2385 ] ] ] } },
{ "type": "Feature", "properties": { "id": "swk-tatau", "slug": "tatau", "name": "Tatau", "state": "Sarawak", "division": null, "area_km2": 5051.4782278428656, "lon": 113.14647, "lat": 2.62537 }, "geometry": { "type": "Polygon", "coordinates": [ [ [ 112.6273, 2.1934 ], [ 112.8062, 2.1525 ], [ 112.8352, 2.1547 ], [ 112.8453, 2.1859 ], [ 112.8549, 2.187 ], [ 112.8683, 2.1674 ], [ 112.9025, 2.2205 ], [ 112.9022, 2.2692 ], [ 112.9911, 2.2971 ], [ 112.9963, 2.3301 ], [ 113.0309, 2.3517 ], [ 113.0234, 2.4271 ], [ 113.0446, 2.4539 ], [ 113.064, 2.4576 ], [ 113.0788, 2.4736 ], [ 113.1093, 2.4669 ], [ 113.2228, 2.5319 ], [ 113.3247, 2.5642 ], [ 113.3786, 2.5694 ], [ 113.4043, 2.5925 ], [ 113.4262, 2.5772 ], [ 113.4645, 2.5839 ], [ 113.4786, 2.569 ], [ 113.4689, 2.5409 ], [ 113.4805, 2.5409 ], [ 113.505, 2.5781 ], [ 113.5416, 2.5932 ], [ 113.5944, 2.6483 ], [ 113.6107, 2.6483 ], [ 113.6264, 2.6303 ], [ 113.6438, 2.6332 ], [ 113.6566, 2.6977 ], [ 113.6944, 2.7267 ], [ 113.6985, 2.743 ], [ 113.688, 2.7546 ], [ 113.7049, 2.7673 ], [ 113.7078, 2.8056 ], [ 113.7031, 2.8126 ], [ 113.6828, 2.8068 ], [ 113.6589, 2.7766 ], [ 113.6334, 2.7929 ], [ 113.591, 2.761 ], [ 113.5433, 2.743 ], [ 113.5096, 2.7546 ], [ 113.4816, 2.7518 ], [ 113.3756, 2.7184 ], [ 113.3358, 2.7158 ], [ 113.244, 2.7451 ], [ 113.2414, 2.7648 ], [ 113.2886, 2.7945 ], [ 113.283, 2.8254 ], [ 113.2908, 2.8432 ], [ 113.2384, 2.8729 ], [ 113.2198, 2.9179 ], [ 113.2068, 2.9264 ], [ 113.1461, 2.9279 ], [ 113.0881, 2.948 ], [ 113.055, 2.9338 ], [ 113.0178, 2.9669 ], [ 112.994, 2.9665 ], [ 112.9587, 2.9216 ], [ 112.9319, 2.919 ], [ 112.9256, 2.9324 ], [ 112.9412, 2.9647 ], [ 112.9252, 2.9988 ], [ 112.927, 3.036 ], [ 112.896, 3.0481 ], [ 112.8779, 3.0992 ], [ 112.7851, 3.0876 ], [ 112.727, 3.0695 ], [ 112.732, 2.9331 ], [ 112.7037, 2.8777 ], [ 112.6997, 2.8472 ], [ 112.738, 2.8432 ], [ 112.7485, 2.8343 ], [ 112.746, 2.8043 ], [ 112.7902, 2.7958 ], [ 112.7957, 2.7868 ], [ 112.7821, 2.7761 ], [ 112.7703, 2.7813 ], [ 112.7591, 2.7629 ], [ 112.7197, 2.7536 ], [ 112.7153, 2.7398 ], [ 112.7474, 2.7093 ], [ 112.8029, 2.6954 ], [ 112.817, 2.7017 ], [ 112.8564, 2.666 ], [ 112.8453, 2.6478 ], [ 112.8073, 2.6296 ], [ 112.7731, 2.6367 ], [ 112.7467, 2.6682 ], [ 112.7263, 2.6723 ], [ 112.7207, 2.6233 ], [ 112.7352, 2.6021 ], [ 112.7277, 2.5824 ], [ 112.7523, 2.5442 ], [ 112.7177, 2.5048 ], [ 112.7185, 2.4661 ], [ 112.701, 2.449 ], [ 112.6831, 2.4052 ], [ 112.6519, 2.384 ], [ 112.6526, 2.3725 ], [ 112.6761, 2.3082 ], [ 112.791, 2.3015 ], [ 112.8044, 2.2833 ], [ 112.7995, 2.2573 ], [ 112.7757, 2.2331 ], [ 112.6954, 2.2528 ], [ 112.7095, 2.2383 ], [ 112.6969, 2.2231 ], [ 112.6411, 2.2127 ], [ 112.6292, 2.2008 ], [ 112.6273, 2.1934 ] ] ] } },
{ "type": "Feature", "properties": { "id": "swk-tebedu", "slug": "tebedu", "name": "Tebedu", "state": "Sarawak", "division": null, "area_km2": 742.52855765399897, "lon": 110.39703, "lat": 1.03752 }, "geometry": { "type": "Polygon", "coordinates": [ [ [ 110.2757, 1.0563 ], [ 110.274, 1.0006 ], [ 110.335, 0.9983 ], [ 110.3594, 0.9855 ], [ 110.3948, 0.9931 ], [ 110.4076, 0.9536 ], [ 110.4408, 0.9414 ], [ 110.4315, 0.9263 ], [ 110.4779, 0.8792 ], [ 110.5273, 0.8728 ], [ 110.5674, 0.8554 ], [ 110.6267, 0.8809 ], [ 110.6337, 0.9814 ], [ 110.5873, 0.9824 ], [ 110.5319, 0.9987 ], [ 110.5083, 1.0577 ], [ 110.4611, 1.1086 ], [ 110.322, 1.2256 ], [ 110.2972, 1.1941 ], [ 110.2955, 1.1046 ], [ 110.2757, 1.0563 ] ] ] } },
{ "type": "Feature", "properties": { "id": "swk-telang-usan", "slug": "telang-usan", "name": "Telang Usan", "state": "Sarawak", "division": null, "area_km2": 9800.8715589062795, "lon": 114.81889, "lat": 3.34086 }, "geometry": { "type": "Polygon", "coordinates": [ [ [ 115.0978, 2.8231 ], [ 115.1123, 2.8242 ], [ 115.1499, 2.8553 ], [ 115.1662, 2.8762 ], [ 115.1744, 2.9297 ], [ 115.2661, 2.9859 ], [ 115.2897, 3.0304 ], [ 115.2825, 3.1174 ], [ 115.139, 3.3504 ], [ 115.1072, 3.5099 ], [ 115.109, 3.5416 ], [ 115.1644, 3.6639 ], [ 115.2461, 3.7826 ], [ 115.2489, 3.799 ], [ 115.2035, 3.8261 ], [ 115.0655, 3.9521 ], [ 115.0428, 3.9493 ], [ 114.9964, 3.9043 ], [ 114.9592, 3.8894 ], [ 114.9269, 3.9191 ], [ 114.8737, 3.9328 ], [ 114.8328, 3.9254 ], [ 114.7056, 3.8687 ], [ 114.613, 3.8872 ], [ 114.6011, 3.8839 ], [ 114.5773, 3.8289 ], [ 114.4795, 3.81 ], [ 114.4631, 3.8189 ], [ 114.4683, 3.8334 ], [ 114.4508, 3.8349 ], [ 114.4564, 3.8601 ], [ 114.4776, 3.8787 ], [ 114.4638, 3.9006 ], [ 114.4493, 3.9058 ], [ 114.4605, 3.9113 ], [ 114.4404, 3.921 ], [ 114.44, 3.9347 ], [ 114.4292, 3.9395 ], [ 114.4359, 3.9618 ], [ 114.4117, 3.9747 ], [ 114.4099, 3.8859 ], [ 114.3563, 3.7672 ], [ 114.3636, 3.7247 ], [ 114.379, 3.7065 ], [ 114.3736, 3.6649 ], [ 114.3663, 3.6504 ], [ 114.3318, 3.6304 ], [ 114.3164, 3.5887 ], [ 114.2928, 3.5788 ], [ 114.2464, 3.5915 ], [ 114.2501, 3.5706 ], [ 114.2982, 3.5135 ], [ 114.3291, 3.4954 ], [ 114.3926, 3.4791 ], [ 114.478, 3.3567 ], [ 114.5288, 3.3078 ], [ 114.5615, 3.2942 ], [ 114.6323, 3.1872 ], [ 114.6351, 3.1546 ], [ 114.6895, 3.1237 ], [ 114.705, 3.1002 ], [ 114.6805, 3.0494 ], [ 114.6396, 3.0639 ], [ 114.5376, 3.054 ], [ 114.5393, 2.9896 ], [ 114.5591, 2.949 ], [ 114.5524, 2.8933 ], [ 114.6195, 2.8863 ], [ 114.634, 2.8596 ], [ 114.6811, 2.8265 ], [ 114.6893, 2.7755 ], [ 114.7555, 2.7145 ], [ 114.888, 2.7145 ], [ 114.9194, 2.6959 ], [ 114.9612, 2.6907 ], [ 115.0734, 2.772 ], [ 115.0978, 2.8231 ] ] ] } },
{ "type": "Feature", "properties": { "id": "trg-besut", "slug": "besut", "name": "Besut", "state": "Terengganu", "division": null, "area_km2": 1227.6040868619239, "lon": 102.50573, "lat": 5.58896 }, "geometry": { "type": "MultiPolygon", "coordinates": [ [ [ [ 102.4316, 5.7473 ], [ 102.5342, 5.8463 ], [ 102.5684, 5.8312 ], [ 102.6295, 5.7821 ], [ 102.6649, 5.7324 ], [ 102.6521, 5.7116 ], [ 102.662, 5.6931 ], [ 102.6655, 5.637 ], [ 102.6452, 5.6187 ], [ 102.6426, 5.5999 ], [ 102.6138, 5.5895 ], [ 102.6213, 5.56 ], [ 102.6109, 5.5334 ], [ 102.6202, 5.5224 ], [ 102.5911, 5.4854 ], [ 102.5934, 5.4328 ], [ 102.5772, 5.4212 ], [ 102.5894, 5.3992 ], [ 102.5801, 5.3894 ], [ 102.5841, 5.3691 ], [ 102.5527, 5.3651 ], [ 102.5249, 5.3333 ], [ 102.4726, 5.3593 ], [ 102.4505, 5.3529 ], [ 102.3819, 5.4201 ], [ 102.4005, 5.4484 ], [ 102.3825, 5.5219 ], [ 102.3976, 5.5311 ], [ 102.4051, 5.5502 ], [ 102.3964, 5.5809 ], [ 102.4005, 5.6161 ], [ 102.3778, 5.6931 ], [ 102.3976, 5.7006 ], [ 102.4316, 5.7473 ] ] ], [ [ [ 102.6143, 5.8323 ], [ 102.6097, 5.8279 ], [ 102.61, 5.8315 ], [ 102.6143, 5.8323 ] ] ], [ [ [ 102.6676, 5.9412 ], [ 102.6665, 5.9414 ], [ 102.6665, 5.9416 ], [ 102.6676, 5.9412 ] ] ], [ [ [ 102.667, 5.944 ], [ 102.6687, 5.942 ], [ 102.6668, 5.9421 ], [ 102.667, 5.944 ] ] ], [ [ [ 102.6627, 5.9615 ], [ 102.6658, 5.956 ], [ 102.6613, 5.9586 ], [ 102.6627, 5.9615 ] ] ], [ [ [ 102.666, 5.964 ], [ 102.6669, 5.962 ], [ 102.6665, 5.962 ], [ 102.666, 5.964 ] ] ], [ [ [ 102.7711, 5.8889 ], [ 102.7625, 5.8844 ], [ 102.7555, 5.8942 ], [ 102.7407, 5.8865 ], [ 102.7391, 5.901 ], [ 102.7594, 5.9234 ], [ 102.7708, 5.9118 ], [ 102.7711, 5.8889 ] ] ], [ [ [ 102.7216, 5.9186 ], [ 102.733, 5.909 ], [ 102.7263, 5.8921 ], [ 102.7147, 5.8968 ], [ 102.7237, 5.9384 ], [ 102.7216, 5.9186 ] ] ], [ [ [ 102.6682, 5.9593 ], [ 102.669, 5.9584 ], [ 102.668, 5.9591 ], [ 102.6682, 5.9593 ] ] ], [ [ [ 102.6832, 5.9635 ], [ 102.682, 5.9618 ], [ 102.6808, 5.9633 ], [ 102.6832, 5.9635 ] ] ], [ [ [ 102.6766, 5.963 ], [ 102.6781, 5.9619 ], [ 102.675, 5.9626 ], [ 102.6766, 5.963 ] ] ] ] } },
{ "type": "Feature", "properties": { "id": "trg-dungun", "slug": "dungun", "name": "Dungun", "state": "Terengganu", "division": null, "area_km2": 2722.4581913323227, "lon": 103.14546, "lat": 4.68234 }, "geometry": { "type": "Polygon", "coordinates": [ [ [ 102.8442, 4.6821 ], [ 102.8834, 4.6067 ], [ 102.8631, 4.6033 ], [ 102.8741, 4.5841 ], [ 102.8712, 4.5673 ], [ 102.8392, 4.5558 ], [ 102.848, 4.5007 ], [ 102.8776, 4.481 ], [ 102.8782, 4.4631 ], [ 102.9299, 4.4689 ], [ 102.9485, 4.4509 ], [ 102.9572, 4.4578 ], [ 102.9543, 4.4718 ], [ 102.9723, 4.4822 ], [ 102.9886, 4.4544 ], [ 103.0107, 4.4399 ], [ 103.0089, 4.4179 ], [ 103.0188, 4.4069 ], [ 103.0444, 4.4353 ], [ 103.081, 4.4242 ], [ 103.1205, 4.4474 ], [ 103.1443, 4.4225 ], [ 103.1542, 4.4237 ], [ 103.1734, 4.4422 ], [ 103.192, 4.4874 ], [ 103.2146, 4.4984 ], [ 103.2297, 4.4532 ], [ 103.2815, 4.4648 ], [ 103.2896, 4.47 ], [ 103.2838, 4.4955 ], [ 103.2995, 4.5164 ], [ 103.2948, 4.5534 ], [ 103.3245, 4.5737 ], [ 103.3367, 4.5946 ], [ 103.3669, 4.5818 ], [ 103.4541, 4.5946 ], [ 103.4315, 4.6523 ], [ 103.4493, 4.6594 ], [ 103.4486, 4.6938 ], [ 103.4222, 4.7609 ], [ 103.4214, 4.7846 ], [ 103.4382, 4.7806 ], [ 103.4259, 4.8158 ], [ 103.3868, 4.8762 ], [ 103.3526, 4.8517 ], [ 103.311, 4.8777 ], [ 103.2868, 4.8699 ], [ 103.2667, 4.9003 ], [ 103.2336, 4.911 ], [ 103.2266, 4.9578 ], [ 103.2117, 4.9501 ], [ 103.2135, 4.9322 ], [ 103.192, 4.9212 ], [ 103.1722, 4.9472 ], [ 103.1065, 4.9443 ], [ 103.1007, 4.9304 ], [ 103.0798, 4.92 ], [ 103.0856, 4.8882 ], [ 103.0763, 4.8627 ], [ 103.038, 4.861 ], [ 103.038, 4.8488 ], [ 103.0217, 4.8366 ], [ 102.9921, 4.8459 ], [ 102.9764, 4.8227 ], [ 102.9467, 4.8129 ], [ 102.9206, 4.8204 ], [ 102.8927, 4.8146 ], [ 102.8944, 4.759 ], [ 102.845, 4.7272 ], [ 102.8442, 4.6821 ] ] ] } },
{ "type": "Feature", "properties": { "id": "trg-hulu-terengganu", "slug": "hulu-terengganu", "name": "Hulu Terengganu", "state": "Terengganu", "division": null, "area_km2": 3867.3494769883614, "lon": 102.81694, "lat": 5.07806 }, "geometry": { "type": "Polygon", "coordinates": [ [ [ 102.4261, 5.3466 ], [ 102.415, 5.2343 ], [ 102.4232, 5.2094 ], [ 102.4115, 5.1817 ], [ 102.4371, 5.1793 ], [ 102.4766, 5.1568 ], [ 102.4865, 5.1377 ], [ 102.5283, 5.1064 ], [ 102.5004, 5.0752 ], [ 102.5144, 5.0537 ], [ 102.5167, 5.0289 ], [ 102.4999, 4.9918 ], [ 102.5208, 4.9611 ], [ 102.5061, 4.9029 ], [ 102.5266, 4.8954 ], [ 102.5404, 4.9051 ], [ 102.6508, 4.8495 ], [ 102.6441, 4.8158 ], [ 102.6657, 4.7839 ], [ 102.6579, 4.7631 ], [ 102.6655, 4.7428 ], [ 102.6881, 4.7139 ], [ 102.7038, 4.7139 ], [ 102.73, 4.6872 ], [ 102.7457, 4.6896 ], [ 102.7829, 4.6716 ], [ 102.8404, 4.6797 ], [ 102.845, 4.7272 ], [ 102.8944, 4.759 ], [ 102.8927, 4.8146 ], [ 102.9206, 4.8204 ], [ 102.9467, 4.8129 ], [ 102.9764, 4.8227 ], [ 102.9921, 4.8459 ], [ 103.0217, 4.8366 ], [ 103.038, 4.8488 ], [ 103.038, 4.861 ], [ 103.0763, 4.8627 ], [ 103.0856, 4.8882 ], [ 103.0798, 4.92 ], [ 103.1007, 4.9304 ], [ 103.1065, 4.9443 ], [ 103.1722, 4.9472 ], [ 103.192, 4.9212 ], [ 103.2135, 4.9322 ], [ 103.2117, 4.9501 ], [ 103.2257, 4.9536 ], [ 103.2077, 4.9912 ], [ 103.1397, 5.0636 ], [ 103.1158, 5.1082 ], [ 103.1013, 5.1006 ], [ 103.0909, 5.1064 ], [ 103.0537, 5.1464 ], [ 103.0512, 5.2036 ], [ 103.0374, 5.2308 ], [ 103.0007, 5.2341 ], [ 102.963, 5.2013 ], [ 102.9281, 5.1886 ], [ 102.8985, 5.2152 ], [ 102.8915, 5.2395 ], [ 102.8503, 5.2656 ], [ 102.7904, 5.2228 ], [ 102.7277, 5.2604 ], [ 102.7265, 5.3211 ], [ 102.7166, 5.3396 ], [ 102.6835, 5.346 ], [ 102.6812, 5.3934 ], [ 102.651, 5.3952 ], [ 102.6562, 5.4206 ], [ 102.6167, 5.475 ], [ 102.5931, 5.4828 ], [ 102.5876, 5.4687 ], [ 102.5958, 5.4467 ], [ 102.5905, 5.4276 ], [ 102.5772, 5.4212 ], [ 102.5894, 5.3992 ], [ 102.5801, 5.3894 ], [ 102.5841, 5.3691 ], [ 102.5527, 5.3651 ], [ 102.533, 5.3379 ], [ 102.5156, 5.3327 ], [ 102.4993, 5.3506 ], [ 102.4726, 5.3593 ], [ 102.4505, 5.3529 ], [ 102.4415, 5.3632 ], [ 102.4261, 5.3466 ] ] ] } },
{ "type": "Feature", "properties": { "id": "trg-kemaman", "slug": "kemaman", "name": "Kemaman", "state": "Terengganu", "division": null, "area_km2": 2528.4335831921248, "lon": 103.19421, "lat": 4.23969 }, "geometry": { "type": "Polygon", "coordinates": [ [ [ 103.0233, 4.4089 ], [ 103.024, 4.3959 ], [ 103.0054, 4.3796 ], [ 103.0142, 4.3327 ], [ 102.9677, 4.3286 ], [ 102.9578, 4.2927 ], [ 102.934, 4.2834 ], [ 102.9322, 4.2406 ], [ 102.9125, 4.2162 ], [ 102.9212, 4.1588 ], [ 102.8903, 4.138 ], [ 102.9071, 4.1124 ], [ 102.9316, 4.0994 ], [ 102.9952, 4.1298 ], [ 103.0198, 4.1176 ], [ 103.0573, 4.1191 ], [ 103.0711, 4.1139 ], [ 103.0733, 4.0942 ], [ 103.1176, 4.0838 ], [ 103.1347, 4.0531 ], [ 103.1623, 4.036 ], [ 103.1908, 4.0302 ], [ 103.1995, 4.0389 ], [ 103.2135, 4.0122 ], [ 103.2408, 4.018 ], [ 103.2472, 3.9948 ], [ 103.2756, 3.9633 ], [ 103.266, 3.9518 ], [ 103.3113, 3.882 ], [ 103.3169, 3.8983 ], [ 103.305, 3.9213 ], [ 103.3258, 3.9325 ], [ 103.3351, 3.951 ], [ 103.327, 4.0482 ], [ 103.3061, 4.062 ], [ 103.3005, 4.0864 ], [ 103.3091, 4.1187 ], [ 103.3304, 4.1418 ], [ 103.317, 4.1912 ], [ 103.3346, 4.189 ], [ 103.3442, 4.1769 ], [ 103.4437, 4.1805 ], [ 103.4395, 4.2243 ], [ 103.4703, 4.2608 ], [ 103.4907, 4.3142 ], [ 103.457, 4.3918 ], [ 103.4448, 4.4648 ], [ 103.4477, 4.5013 ], [ 103.4726, 4.5279 ], [ 103.4541, 4.5946 ], [ 103.3669, 4.5818 ], [ 103.3367, 4.5946 ], [ 103.3245, 4.5737 ], [ 103.2948, 4.5534 ], [ 103.2995, 4.5164 ], [ 103.2838, 4.4955 ], [ 103.2896, 4.47 ], [ 103.2815, 4.4648 ], [ 103.2297, 4.4532 ], [ 103.2146, 4.4984 ], [ 103.192, 4.4874 ], [ 103.1734, 4.4422 ], [ 103.1542, 4.4237 ], [ 103.1443, 4.4225 ], [ 103.1205, 4.4474 ], [ 103.081, 4.4242 ], [ 103.0444, 4.4353 ], [ 103.0233, 4.4089 ] ] ] } },
{ "type": "Feature", "properties": { "id": "trg-kuala-nerus", "slug": "kuala-nerus", "name": "Kuala Nerus", "state": "Terengganu", "division": null, "area_km2": 404.91427179231943, "lon": 103.02003, "lat": 5.36755 }, "geometry": { "type": "MultiPolygon", "coordinates": [ [ [ [ 102.9327, 5.2685 ], [ 102.9275, 5.2974 ], [ 102.9078, 5.3074 ], [ 102.9264, 5.3222 ], [ 102.913, 5.3637 ], [ 102.9212, 5.384 ], [ 102.9108, 5.441 ], [ 102.9167, 5.451 ], [ 102.9353, 5.4388 ], [ 102.9974, 5.5018 ], [ 103.0964, 5.4085 ], [ 103.1473, 5.3435 ], [ 103.1233, 5.321 ], [ 103.0914, 5.3176 ], [ 103.1002, 5.3349 ], [ 103.0654, 5.3503 ], [ 103.0485, 5.325 ], [ 102.9974, 5.2999 ], [ 102.99, 5.3077 ], [ 102.9805, 5.2987 ], [ 102.9921, 5.266 ], [ 102.9812, 5.2638 ], [ 102.9867, 5.2359 ], [ 102.9795, 5.2323 ], [ 102.9327, 5.2685 ] ] ], [ [ [ 103.0199, 5.7331 ], [ 103.0196, 5.7344 ], [ 103.0207, 5.7339 ], [ 103.0199, 5.7331 ] ] ], [ [ [ 103.0311, 5.7375 ], [ 103.0302, 5.7402 ], [ 103.0309, 5.7401 ], [ 103.0311, 5.7375 ] ] ], [ [ [ 102.9992, 5.7454 ], [ 103.0075, 5.7372 ], [ 102.9981, 5.7321 ], [ 102.9992, 5.7454 ] ] ], [ [ [ 103.0439, 5.7794 ], [ 103.0428, 5.7765 ], [ 103.0405, 5.7775 ], [ 103.0439, 5.7794 ] ] ], [ [ [ 102.996, 5.8155 ], [ 103.0191, 5.8073 ], [ 103.0143, 5.7858 ], [ 103.0259, 5.7934 ], [ 103.044, 5.7894 ], [ 103.0141, 5.7493 ], [ 103.0054, 5.7528 ], [ 103.0066, 5.7654 ], [ 102.9983, 5.7495 ], [ 102.9891, 5.784 ], [ 102.996, 5.8155 ] ] ], [ [ [ 102.8903, 5.8028 ], [ 102.9027, 5.7879 ], [ 102.8929, 5.7911 ], [ 102.8903, 5.8028 ] ] ], [ [ [ 103.0657, 5.5998 ], [ 103.0651, 5.5963 ], [ 103.0619, 5.5964 ], [ 103.0657, 5.5998 ] ] ], [ [ [ 103.0658, 5.6277 ], [ 103.0713, 5.6178 ], [ 103.0626, 5.6108 ], [ 103.0556, 5.6181 ], [ 103.0658, 5.6277 ] ] ], [ [ [ 103.07, 5.6563 ], [ 103.0671, 5.659 ], [ 103.0685, 5.6604 ], [ 103.07, 5.6563 ] ] ], [ [ [ 103.0721, 5.6664 ], [ 103.0737, 5.666 ], [ 103.0729, 5.665 ], [ 103.0721, 5.6664 ] ] ], [ [ [ 103.0726, 5.6677 ], [ 103.0711, 5.668 ], [ 103.0717, 5.6686 ], [ 103.0726, 5.6677 ] ] ], [ [ [ 103.0584, 5.7756 ], [ 103.062, 5.7721 ], [ 103.0611, 5.7713 ], [ 103.0584, 5.7756 ] ] ] ] } },
{ "type": "Feature", "properties": { "id": "trg-kuala-terengganu", "slug": "kuala-terengganu", "name": "Kuala Terengganu", "state": "Terengganu", "division": null, "area_km2": 201.00311105704202, "lon": 103.08357, "lat": 5.27853 }, "geometry": { "type": "Polygon", "coordinates": [ [ [ 103.0442, 5.2129 ], [ 103.0688, 5.2318 ], [ 103.085, 5.2683 ], [ 103.0916, 5.2586 ], [ 103.118, 5.257 ], [ 103.129, 5.2432 ], [ 103.1204, 5.21 ], [ 103.1468, 5.2164 ], [ 103.154, 5.2496 ], [ 103.1754, 5.2518 ], [ 103.1866, 5.2674 ], [ 103.1473, 5.3434 ], [ 103.1233, 5.321 ], [ 103.0914, 5.3176 ], [ 103.1002, 5.3349 ], [ 103.0654, 5.3503 ], [ 103.0485, 5.325 ], [ 102.9974, 5.2999 ], [ 102.99, 5.3077 ], [ 102.9821, 5.3025 ], [ 102.9921, 5.266 ], [ 102.9812, 5.2638 ], [ 102.9867, 5.2359 ], [ 102.9795, 5.2323 ], [ 102.9887, 5.2244 ], [ 103.0187, 5.2376 ], [ 103.0374, 5.2308 ], [ 103.0442, 5.2129 ] ] ] } },
{ "type": "Feature", "properties": { "id": "trg-marang", "slug": "marang", "name": "Marang", "state": "Terengganu", "division": null, "area_km2": 657.53148167513154, "lon": 103.21693, "lat": 5.05664 }, "geometry": { "type": "MultiPolygon", "coordinates": [ [ [ [ 103.2268, 4.9588 ], [ 103.1705, 5.0364 ], [ 103.1397, 5.0636 ], [ 103.1158, 5.1082 ], [ 103.1013, 5.1006 ], [ 103.0909, 5.1064 ], [ 103.0537, 5.1464 ], [ 103.0442, 5.2129 ], [ 103.0688, 5.2318 ], [ 103.085, 5.2683 ], [ 103.0916, 5.2586 ], [ 103.118, 5.257 ], [ 103.129, 5.2432 ], [ 103.1259, 5.2098 ], [ 103.1468, 5.2164 ], [ 103.154, 5.2496 ], [ 103.1754, 5.2518 ], [ 103.1778, 5.2615 ], [ 103.1866, 5.2674 ], [ 103.1825, 5.2582 ], [ 103.3868, 4.8762 ], [ 103.3526, 4.8517 ], [ 103.311, 4.8777 ], [ 103.2868, 4.8699 ], [ 103.2667, 4.9003 ], [ 103.2336, 4.911 ], [ 103.2268, 4.9588 ] ] ], [ [ [ 103.267, 5.2316 ], [ 103.2679, 5.2103 ], [ 103.2608, 5.2187 ], [ 103.267, 5.2316 ] ] ], [ [ [ 103.2623, 5.2343 ], [ 103.2626, 5.2326 ], [ 103.2606, 5.2326 ], [ 103.2623, 5.2343 ] ] ] ] } },
{ "type": "Feature", "properties": { "id": "trg-setiu", "slug": "setiu", "name": "Setiu", "state": "Terengganu", "division": null, "area_km2": 1336.934656697083, "lon": 102.79223, "lat": 5.46142 }, "geometry": { "type": "Polygon", "coordinates": [ [ [ 102.9876, 5.2253 ], [ 102.9353, 5.2655 ], [ 102.9275, 5.2974 ], [ 102.9078, 5.3074 ], [ 102.9264, 5.3222 ], [ 102.913, 5.3637 ], [ 102.9212, 5.384 ], [ 102.9108, 5.441 ], [ 102.9167, 5.451 ], [ 102.9353, 5.4388 ], [ 102.9974, 5.5018 ], [ 102.9636, 5.5334 ], [ 102.9177, 5.5375 ], [ 102.8509, 5.5733 ], [ 102.6643, 5.7333 ], [ 102.6521, 5.7116 ], [ 102.662, 5.6931 ], [ 102.6655, 5.637 ], [ 102.6452, 5.6187 ], [ 102.6426, 5.5999 ], [ 102.6138, 5.5895 ], [ 102.6213, 5.56 ], [ 102.6109, 5.5334 ], [ 102.6202, 5.5224 ], [ 102.5911, 5.4854 ], [ 102.6167, 5.475 ], [ 102.6475, 5.4386 ], [ 102.6562, 5.4206 ], [ 102.651, 5.3952 ], [ 102.6812, 5.3934 ], [ 102.6835, 5.346 ], [ 102.7166, 5.3396 ], [ 102.7288, 5.3159 ], [ 102.7277, 5.2604 ], [ 102.7904, 5.2228 ], [ 102.8503, 5.2656 ], [ 102.8915, 5.2395 ], [ 102.8985, 5.2152 ], [ 102.9281, 5.1886 ], [ 102.963, 5.2013 ], [ 102.9876, 5.2253 ] ] ] } }
]
}
